relativePath	bytes	sha256
acquisition-files.tsv	10380	4ae40c1194acd37e3c9db48f180ee58b1b6f9e9ab0410f7aa4557ff42f49e3ed
authority/activation.json	4287	153c809a65fcd138d9c2ff25df0cf9e3b4f5204a873150edff3e97fd46115dd0
authority/preflight.json	1947	91ff87861b557bffd5eb326a9c22173073fef074ed4459469df8f15a8db9b1a3
authority/signature-handoff.json	31253	f0ac0e45c5058aa7e11dd0e00c67521c4ae7500fc72574f6d80ecc2e1cd18ed0
network-ledgers.json	1432	2eea5fc7fde3b971bb5fc6374dd82f6d81e965ef07dbf4056c9d30aa6085dac0
old-root-equality.json	1681	4f24f8943214fc25edbf220737e77863fa6fbee6bce68b7ea22882d4042a9446
process/completed-commands.tsv	170	12347741cd8880bfb2be9c977ebb55ec23838a3bdacf5be25084b376740dd494
process/not-run-commands.tsv	738	ea620719b53c1a199341c31ac5cbd82bd2b9d856026089ab9ce47fb6247a739c
result.json	30391	53117ca8e44f113f3cf256b25d6da77c6d2cd241650d582e3b6f652f2ae9c481
