path	bytes	sha256
Assets/Scripts/FightMatch/Presentation/Localization/LocaleId.cs	559	f5338ff0fdde20a362281380a7d84183f552ad23a7964edb51d042fca48174a5
Assets/Scripts/FightMatch/Presentation/Localization/LocalizationService.cs	2786	ca8b2c5f9b8afd864410b35f7ab9998c04a7b5ea9efdf3a51e8082b6dd54a408
Assets/Scripts/FightMatch/Presentation/Localization/LocalizedTextSource.cs	1527	0c830db5aa297a08e236e7a8edb7e42d62f3c779b1293b362733b450283901a6
Assets/Scripts/FightMatch/Presentation/PresentationAssemblyInfo.cs	258	047029b17c9e84e9ec8666938680901897f4dd4457516d646b5d2c64be8145ad
Assets/Scripts/FightMatch/Presentation/FightMatch.Presentation.asmdef	592	b7c59f7de8581990dacc19ab111ae4be4805958333861ac4ec15b774db242de8
Assets/Scripts/FightMatch/Host/HostAssemblyInfo.cs	176	1dc94417f744f9a09f01c16af0f5ed720347d96d883f4304e5f3eb613e968fd5
Assets/Scripts/FightMatch/Host/FightMatch.Host.asmdef	346	85acabf7d4ec5e2b9970f9299ab2687cef131a4fa8213aa4f0aea9f70b4c0c7e
Assets/Tests/EditMode/FightMatchHost/FightMatch.Host.Tests.asmdef	479	50da0a6cb45f6ba0b7a4b843bdc8d865595df7d15bdc1976d01dcd52f2437e03
Assets/Tests/EditMode/FightMatch/LocalePolicyTests.cs	3575	eb0af193bb66b0b7dc59be45066a7b56dcb4c1524ad31139b4b44bded387d9af
