authority	sourcePath	targetRelativePath	bytes	sha256
M12 acquisition manifest	/private/tmp/fightmatch-loc-lic-alt-m12/loc-lic-alt-yamldotnet-16.3.0-m12/acquisition/closure.json	acquisition/closure.json	2047	8c89c698148dfcbf9cd6928b84dee69356709485081bfce270c5f6b3f7c26b1d
M12 acquisition manifest	/private/tmp/fightmatch-loc-lic-alt-m12/loc-lic-alt-yamldotnet-16.3.0-m12/acquisition/combined-network-requests.jsonl	acquisition/combined-network-requests.jsonl	6005	37e9ce911099a321f1993c0b31d513b8368950ed4db66a7e8ea50342af76287b
M12 acquisition manifest	/private/tmp/fightmatch-loc-lic-alt-m12/loc-lic-alt-yamldotnet-16.3.0-m12/acquisition/identity/package-catalog/system.collections.immutable.1.5.0.json	acquisition/identity/package-catalog/system.collections.immutable.1.5.0.json	453	05eda0e8b1f3d4214ce847373856d59e67520ca15145ea28106d202029dc48c1
M12 acquisition manifest	/private/tmp/fightmatch-loc-lic-alt-m12/loc-lic-alt-yamldotnet-16.3.0-m12/acquisition/identity/package-catalog/system.reflection.metadata.1.6.0.json	acquisition/identity/package-catalog/system.reflection.metadata.1.6.0.json	449	68b11ec5a0b701686b583a9850a7306d16e00e8eba919654be7da61bb6449090
M12 acquisition manifest	/private/tmp/fightmatch-loc-lic-alt-m12/loc-lic-alt-yamldotnet-16.3.0-m12/acquisition/identity/package-catalog/xunit.abstractions.2.0.3.json	acquisition/identity/package-catalog/xunit.abstractions.2.0.3.json	432	888853f5331dd6db3fb836801dffbfd6ddb0644a13f6e4fd81372963c4cac55e
M12 acquisition manifest	/private/tmp/fightmatch-loc-lic-alt-m12/loc-lic-alt-yamldotnet-16.3.0-m12/acquisition/identity/package-registration/system.collections.immutable.1.5.0.json	acquisition/identity/package-registration/system.collections.immutable.1.5.0.json	576	db8d6677d70896aee5f35ee60bedf20aef1fda39f5ac7433167fe52cf677f406
M12 acquisition manifest	/private/tmp/fightmatch-loc-lic-alt-m12/loc-lic-alt-yamldotnet-16.3.0-m12/acquisition/identity/package-registration/system.reflection.metadata.1.6.0.json	acquisition/identity/package-registration/system.reflection.metadata.1.6.0.json	566	80d07c6a05fd6d153151457800e6a8e38c262536da6547d3d212ea43de2b84da
M12 acquisition manifest	/private/tmp/fightmatch-loc-lic-alt-m12/loc-lic-alt-yamldotnet-16.3.0-m12/acquisition/identity/package-registration/xunit.abstractions.2.0.3.json	acquisition/identity/package-registration/xunit.abstractions.2.0.3.json	526	25f51edf180a175730cd355a02b1b004e5c81aa89da104376e155355db7cccc5
M12 acquisition manifest	/private/tmp/fightmatch-loc-lic-alt-m12/loc-lic-alt-yamldotnet-16.3.0-m12/acquisition/m11-original-combined-network-requests.jsonl	acquisition/m11-original-combined-network-requests.jsonl	1813	36470f78fd6593e6cdc5c70e65c2aca8bf07f0b34069c14b37c3dbd4e6abebc4
M12 acquisition manifest	/private/tmp/fightmatch-loc-lic-alt-m12/loc-lic-alt-yamldotnet-16.3.0-m12/acquisition/m12-network-requests.jsonl	acquisition/m12-network-requests.jsonl	3446	4fdbd6d053435f7fc48fabd1e7f22ec24c24eaccb23f6c25dd934afa726a7d63
M12 acquisition manifest	/private/tmp/fightmatch-loc-lic-alt-m12/loc-lic-alt-yamldotnet-16.3.0-m12/acquisition/packages/system.collections.immutable/1.5.0/catalog.json	acquisition/packages/system.collections.immutable/1.5.0/catalog.json	11937	0bc817a8e0be101a710361ba3a75c945b71d298980e83d82a365509931e2bec1
M12 acquisition manifest	/private/tmp/fightmatch-loc-lic-alt-m12/loc-lic-alt-yamldotnet-16.3.0-m12/acquisition/packages/system.collections.immutable/1.5.0/catalog.json.headers	acquisition/packages/system.collections.immutable/1.5.0/catalog.json.headers	863	ca4a8d9ff18db48f8b106833e1f91c3ee929a3d03592425ae434061d7271d48e
M12 acquisition manifest	/private/tmp/fightmatch-loc-lic-alt-m12/loc-lic-alt-yamldotnet-16.3.0-m12/acquisition/packages/system.collections.immutable/1.5.0/entries/.signature.p7s	acquisition/packages/system.collections.immutable/1.5.0/entries/.signature.p7s	22354	310496ac19ab76b103bc5756648df226406b988c49d103ca4d7ccc706c2bd188
M12 acquisition manifest	/private/tmp/fightmatch-loc-lic-alt-m12/loc-lic-alt-yamldotnet-16.3.0-m12/acquisition/packages/system.collections.immutable/1.5.0/entries/LICENSE.TXT	acquisition/packages/system.collections.immutable/1.5.0/entries/LICENSE.TXT	1139	d7a68596ab69b06f51ca278a6545148e4269a9381c26d597c13df5d88e08cf5b
M12 acquisition manifest	/private/tmp/fightmatch-loc-lic-alt-m12/loc-lic-alt-yamldotnet-16.3.0-m12/acquisition/packages/system.collections.immutable/1.5.0/entries/System.Collections.Immutable.nuspec	acquisition/packages/system.collections.immutable/1.5.0/entries/System.Collections.Immutable.nuspec	2919	f16ce3d32e279d0be8d3a9afd530b2e19792be2b424f6b1c26c643a6f0d6968e
M12 acquisition manifest	/private/tmp/fightmatch-loc-lic-alt-m12/loc-lic-alt-yamldotnet-16.3.0-m12/acquisition/packages/system.collections.immutable/1.5.0/entries/THIRD-PARTY-NOTICES.TXT	acquisition/packages/system.collections.immutable/1.5.0/entries/THIRD-PARTY-NOTICES.TXT	15835	7864a01e2fdef7e8fdf81b906efb1466f083206affea7ba7e6dadea429754765
M12 acquisition manifest	/private/tmp/fightmatch-loc-lic-alt-m12/loc-lic-alt-yamldotnet-16.3.0-m12/acquisition/packages/system.collections.immutable/1.5.0/nuspec.json	acquisition/packages/system.collections.immutable/1.5.0/nuspec.json	2016	8b312497b848ca7b3a8c3c7918dc6b045bd3391504c2af7643c36287b7ff1c7e
M12 acquisition manifest	/private/tmp/fightmatch-loc-lic-alt-m12/loc-lic-alt-yamldotnet-16.3.0-m12/acquisition/packages/system.collections.immutable/1.5.0/package-entries.tsv	acquisition/packages/system.collections.immutable/1.5.0/package-entries.tsv	1924	191d828e2755396f4477959fe23db4a6d457d43b059b3fbbe4e04339962d622f
M12 acquisition manifest	/private/tmp/fightmatch-loc-lic-alt-m12/loc-lic-alt-yamldotnet-16.3.0-m12/acquisition/packages/system.collections.immutable/1.5.0/package-evidence.json	acquisition/packages/system.collections.immutable/1.5.0/package-evidence.json	8115	6852ccab2cc45aff6a9725ea1b0b2fae097dadfba864d2dbaab7b32d29796dc3
M12 acquisition manifest	/private/tmp/fightmatch-loc-lic-alt-m12/loc-lic-alt-yamldotnet-16.3.0-m12/acquisition/packages/system.collections.immutable/1.5.0/registration.json	acquisition/packages/system.collections.immutable/1.5.0/registration.json	802	b4f5fb55b445ae43ca84d6b7eb79d41288eecfb1d9aaeebef4f1074ec5253ac9
M12 acquisition manifest	/private/tmp/fightmatch-loc-lic-alt-m12/loc-lic-alt-yamldotnet-16.3.0-m12/acquisition/packages/system.collections.immutable/1.5.0/registration.json.headers	acquisition/packages/system.collections.immutable/1.5.0/registration.json.headers	862	d5c19192f2b200ef2f45b0890a369b27909c830fc8933dd37d80306bff62eafd
M12 acquisition manifest	/private/tmp/fightmatch-loc-lic-alt-m12/loc-lic-alt-yamldotnet-16.3.0-m12/acquisition/packages/system.collections.immutable/1.5.0/system.collections.immutable.1.5.0.nupkg	acquisition/packages/system.collections.immutable/1.5.0/system.collections.immutable.1.5.0.nupkg	804405	0658aa6252fd9ed6cc5e8e5decd52b297c1837e3ea772a83212e5ba78a95afb4
M12 acquisition manifest	/private/tmp/fightmatch-loc-lic-alt-m12/loc-lic-alt-yamldotnet-16.3.0-m12/acquisition/packages/system.collections.immutable/1.5.0/system.collections.immutable.1.5.0.nupkg.headers	acquisition/packages/system.collections.immutable/1.5.0/system.collections.immutable.1.5.0.nupkg.headers	963	8298a84f4638b50a8be071eb6b2c4179ef25ac5af1fa2a6d45271bbd6fd9c1f3
M12 acquisition manifest	/private/tmp/fightmatch-loc-lic-alt-m12/loc-lic-alt-yamldotnet-16.3.0-m12/acquisition/packages/system.reflection.metadata/1.6.0/catalog.json	acquisition/packages/system.reflection.metadata/1.6.0/catalog.json	11516	ee0ebaa566d832502f2e388eeddff89619286c78b5e6cd3719ed98978290f918
M12 acquisition manifest	/private/tmp/fightmatch-loc-lic-alt-m12/loc-lic-alt-yamldotnet-16.3.0-m12/acquisition/packages/system.reflection.metadata/1.6.0/entries/.signature.p7s	acquisition/packages/system.reflection.metadata/1.6.0/entries/.signature.p7s	22354	48b089f802897bf823e41916e8d44b8bfbfabc89b2f3ce7c8775ff2c27667435
M12 acquisition manifest	/private/tmp/fightmatch-loc-lic-alt-m12/loc-lic-alt-yamldotnet-16.3.0-m12/acquisition/packages/system.reflection.metadata/1.6.0/entries/LICENSE.TXT	acquisition/packages/system.reflection.metadata/1.6.0/entries/LICENSE.TXT	1139	d7a68596ab69b06f51ca278a6545148e4269a9381c26d597c13df5d88e08cf5b
M12 acquisition manifest	/private/tmp/fightmatch-loc-lic-alt-m12/loc-lic-alt-yamldotnet-16.3.0-m12/acquisition/packages/system.reflection.metadata/1.6.0/entries/System.Reflection.Metadata.nuspec	acquisition/packages/system.reflection.metadata/1.6.0/entries/System.Reflection.Metadata.nuspec	2540	8a9c25db3c6838e545f71ea593d20f6c5e8baf77b04a89d1aaee951179c039e3
M12 acquisition manifest	/private/tmp/fightmatch-loc-lic-alt-m12/loc-lic-alt-yamldotnet-16.3.0-m12/acquisition/packages/system.reflection.metadata/1.6.0/entries/THIRD-PARTY-NOTICES.TXT	acquisition/packages/system.reflection.metadata/1.6.0/entries/THIRD-PARTY-NOTICES.TXT	15835	7864a01e2fdef7e8fdf81b906efb1466f083206affea7ba7e6dadea429754765
M12 acquisition manifest	/private/tmp/fightmatch-loc-lic-alt-m12/loc-lic-alt-yamldotnet-16.3.0-m12/acquisition/packages/system.reflection.metadata/1.6.0/nuspec.json	acquisition/packages/system.reflection.metadata/1.6.0/nuspec.json	2372	8502296083b86bc9416b812e1506bdb41d6f892a382ee4f6fd21f30885e7fa00
M12 acquisition manifest	/private/tmp/fightmatch-loc-lic-alt-m12/loc-lic-alt-yamldotnet-16.3.0-m12/acquisition/packages/system.reflection.metadata/1.6.0/package-entries.tsv	acquisition/packages/system.reflection.metadata/1.6.0/package-entries.tsv	1634	43031c2a6240bd56c36d72d4c9756e0159198b2221588d30c0d9ae4f8c7e75c7
M12 acquisition manifest	/private/tmp/fightmatch-loc-lic-alt-m12/loc-lic-alt-yamldotnet-16.3.0-m12/acquisition/packages/system.reflection.metadata/1.6.0/package-evidence.json	acquisition/packages/system.reflection.metadata/1.6.0/package-evidence.json	8435	fca0f7a25ed0c5b20e5de25dd2cd7b0f9f4caa7e489680935b00c4f7469c7209
M12 acquisition manifest	/private/tmp/fightmatch-loc-lic-alt-m12/loc-lic-alt-yamldotnet-16.3.0-m12/acquisition/packages/system.reflection.metadata/1.6.0/registration.json	acquisition/packages/system.reflection.metadata/1.6.0/registration.json	791	9ae28ac42b0927fdc3930ff72abaf60fc4f00086ab60d408949c9ec9d5146d0b
M12 acquisition manifest	/private/tmp/fightmatch-loc-lic-alt-m12/loc-lic-alt-yamldotnet-16.3.0-m12/acquisition/packages/system.reflection.metadata/1.6.0/system.reflection.metadata.1.6.0.nupkg	acquisition/packages/system.reflection.metadata/1.6.0/system.reflection.metadata.1.6.0.nupkg	852113	2497e068f6afed47c4878c9101074684b645d5baebd2d5163e5eaa99f356abf1
M12 acquisition manifest	/private/tmp/fightmatch-loc-lic-alt-m12/loc-lic-alt-yamldotnet-16.3.0-m12/acquisition/packages/xunit.abstractions/2.0.3/catalog.json	acquisition/packages/xunit.abstractions/2.0.3/catalog.json	6624	1d3967b011b21c7121f18c7264bc738262664503e8a07cd9e88708caa4153204
M12 acquisition manifest	/private/tmp/fightmatch-loc-lic-alt-m12/loc-lic-alt-yamldotnet-16.3.0-m12/acquisition/packages/xunit.abstractions/2.0.3/catalog.json.headers	acquisition/packages/xunit.abstractions/2.0.3/catalog.json.headers	862	9394e00668a8a896c7642ee1015a69ce540347a7d6c732aa95854b495b7f75c3
M12 acquisition manifest	/private/tmp/fightmatch-loc-lic-alt-m12/loc-lic-alt-yamldotnet-16.3.0-m12/acquisition/packages/xunit.abstractions/2.0.3/entries/.signature.p7s	acquisition/packages/xunit.abstractions/2.0.3/entries/.signature.p7s	18486	6690990d24e2b4e1edad729d1779d37d22f148add95b90858fa8b71263a056a5
M12 acquisition manifest	/private/tmp/fightmatch-loc-lic-alt-m12/loc-lic-alt-yamldotnet-16.3.0-m12/acquisition/packages/xunit.abstractions/2.0.3/entries/xunit.abstractions.nuspec	acquisition/packages/xunit.abstractions/2.0.3/entries/xunit.abstractions.nuspec	1385	e59191df9e3047dd953b695c886597786ac2771f66897baa40877f643da9f7b1
M12 acquisition manifest	/private/tmp/fightmatch-loc-lic-alt-m12/loc-lic-alt-yamldotnet-16.3.0-m12/acquisition/packages/xunit.abstractions/2.0.3/nuspec.json	acquisition/packages/xunit.abstractions/2.0.3/nuspec.json	1230	1d20e6c1f8100d5a22056c8efa22fd01f3f05db20cf84960a0995f35e86c11d1
M12 acquisition manifest	/private/tmp/fightmatch-loc-lic-alt-m12/loc-lic-alt-yamldotnet-16.3.0-m12/acquisition/packages/xunit.abstractions/2.0.3/package-entries.tsv	acquisition/packages/xunit.abstractions/2.0.3/package-entries.tsv	1186	ce352c9fcca23a6370b45c4738e85ea9d1c527af198cdb52aefbf03b6e105b42
M12 acquisition manifest	/private/tmp/fightmatch-loc-lic-alt-m12/loc-lic-alt-yamldotnet-16.3.0-m12/acquisition/packages/xunit.abstractions/2.0.3/package-evidence.json	acquisition/packages/xunit.abstractions/2.0.3/package-evidence.json	3549	b2fc194e7a72b0b70f5203be9a3a884556d3078f7e395f15819b0e404d82f472
M12 acquisition manifest	/private/tmp/fightmatch-loc-lic-alt-m12/loc-lic-alt-yamldotnet-16.3.0-m12/acquisition/packages/xunit.abstractions/2.0.3/registration.json	acquisition/packages/xunit.abstractions/2.0.3/registration.json	752	b3fb479f2e0456beaf2235b927ea21f9d23fd6625e0f532628488056e8bacebe
M12 acquisition manifest	/private/tmp/fightmatch-loc-lic-alt-m12/loc-lic-alt-yamldotnet-16.3.0-m12/acquisition/packages/xunit.abstractions/2.0.3/registration.json.headers	acquisition/packages/xunit.abstractions/2.0.3/registration.json.headers	861	7739d1b19eed46cce3e31c9dbe47e6046a8974e18685c39649ba880ad0f913ce
M12 acquisition manifest	/private/tmp/fightmatch-loc-lic-alt-m12/loc-lic-alt-yamldotnet-16.3.0-m12/acquisition/packages/xunit.abstractions/2.0.3/xunit.abstractions.2.0.3.nupkg	acquisition/packages/xunit.abstractions/2.0.3/xunit.abstractions.2.0.3.nupkg	75155	d03d72fc2df8880448f7a81bddb00e1bcb5c18f323c7e7cc69b4cfa727469403
M12 acquisition manifest	/private/tmp/fightmatch-loc-lic-alt-m12/loc-lic-alt-yamldotnet-16.3.0-m12/acquisition/packages/xunit.abstractions/2.0.3/xunit.abstractions.2.0.3.nupkg.headers	acquisition/packages/xunit.abstractions/2.0.3/xunit.abstractions.2.0.3.nupkg.headers	963	1be82f24b80f115cb367a2e4fc5114fe47007b3a39877ba4da07830b1aeac9c3
R13 receipt/manifest	/Volumes/WD_BLACK_SN7100_2TB_Media/UnityProj/FightMatch/TestArtifacts/FightMatch/LOC-LIC-ALT-M/xunit-license-research-13/agent-01.response.json	acquisition/research-13/agent-01.response.json	401	32f9807a1c18edaabdae37a922a9c94684927f67e0a209d2443f7b2030a895f2
R13 receipt/manifest	/Volumes/WD_BLACK_SN7100_2TB_Media/UnityProj/FightMatch/TestArtifacts/FightMatch/LOC-LIC-ALT-M/xunit-license-research-13/agent-02.response.json	acquisition/research-13/agent-02.response.json	3547	02cda1a47ff41ab1162e98cd98a3d64fbd0db78d93608088651a24532129c11e
R13 receipt/manifest	/Volumes/WD_BLACK_SN7100_2TB_Media/UnityProj/FightMatch/TestArtifacts/FightMatch/LOC-LIC-ALT-M/xunit-license-research-13/agent-03.response.json	acquisition/research-13/agent-03.response.json	2253	da4ee0bc332ad51f0feaece4acebf490e3ab6194d20e632d42d3c7fd8d7c9a22
R13 receipt/manifest	/Volumes/WD_BLACK_SN7100_2TB_Media/UnityProj/FightMatch/TestArtifacts/FightMatch/LOC-LIC-ALT-M/xunit-license-research-13/agent-04.response.json	acquisition/research-13/agent-04.response.json	12999	24e875ca36fe60d2b1cb24fdba0627c36257a1cb960ad92225dc139d2ebf5d18
R13 receipt/manifest	/Volumes/WD_BLACK_SN7100_2TB_Media/UnityProj/FightMatch/TestArtifacts/FightMatch/LOC-LIC-ALT-M/xunit-license-research-13/agent-05.response.json	acquisition/research-13/agent-05.response.json	4530	5b3c183027f67fe322bec26375585e8b9a296151983983f8e21c9e3386783fa6
R13 receipt/manifest	/Volumes/WD_BLACK_SN7100_2TB_Media/UnityProj/FightMatch/TestArtifacts/FightMatch/LOC-LIC-ALT-M/xunit-license-research-13/agent-05.xunit.abstractions.nuspec.connector-text	acquisition/research-13/agent-05.xunit.abstractions.nuspec.connector-text	1758	3d6a2299702b099df64f9b1b366c87c78a5d63e7f1dd27f150c951022eb1198e
R13 receipt/manifest	/Volumes/WD_BLACK_SN7100_2TB_Media/UnityProj/FightMatch/TestArtifacts/FightMatch/LOC-LIC-ALT-M/xunit-license-research-13/agent-06.response.json	acquisition/research-13/agent-06.response.json	264812	7cc565eeeda0261c5925aea788ac702130965767ec8c0470b6524cff71efc751
R13 receipt/manifest	/Volumes/WD_BLACK_SN7100_2TB_Media/UnityProj/FightMatch/TestArtifacts/FightMatch/LOC-LIC-ALT-M/xunit-license-research-13/agent-07.response.json	acquisition/research-13/agent-07.response.json	71	1048ddaf93c0dfa7b1304db3ffef722f4a37db0018ad2c63d0062118c5d92b42
R13 receipt/manifest	/Volumes/WD_BLACK_SN7100_2TB_Media/UnityProj/FightMatch/TestArtifacts/FightMatch/LOC-LIC-ALT-M/xunit-license-research-13/agent-08.response.json	acquisition/research-13/agent-08.response.json	578	46af347cca5772d76edf3c47d258e3f3c231658090bf6ed8f2a8e37382d64559
R13 receipt/manifest	/Volumes/WD_BLACK_SN7100_2TB_Media/UnityProj/FightMatch/TestArtifacts/FightMatch/LOC-LIC-ALT-M/xunit-license-research-13/agent-ledger.json	acquisition/research-13/agent-ledger.json	2948	d25177d30fe5e92aa40969a58e21c1bb85e85c286365823a45af77cbd33693e8
R13 receipt/manifest	/Volumes/WD_BLACK_SN7100_2TB_Media/UnityProj/FightMatch/TestArtifacts/FightMatch/LOC-LIC-ALT-M/xunit-license-research-13/local-package-observation.json	acquisition/research-13/local-package-observation.json	2411	e17d5894400b9cfd469f6c1c57d7765e7f7c8001cb99f26aa49f543c3cfe9ad7
R13 receipt/manifest	/Volumes/WD_BLACK_SN7100_2TB_Media/UnityProj/FightMatch/TestArtifacts/FightMatch/LOC-LIC-ALT-M/xunit-license-research-13/research-input-files.tsv	acquisition/research-13/research-input-files.tsv	1658	015388eb085642790c1ef5492ea657ab602b295970aab18b53cdb44a40d38326
R13 receipt/manifest	/Volumes/WD_BLACK_SN7100_2TB_Media/UnityProj/FightMatch/TestArtifacts/FightMatch/LOC-LIC-ALT-M/xunit-license-research-13/research-receipt.json	acquisition/research-13/research-receipt.json	4104	71bd44c9ab5d02c286c738e7450fcb2fc4f44954bb195a1e9e8eb18b32a7506a
R13 receipt/manifest	/Volumes/WD_BLACK_SN7100_2TB_Media/UnityProj/FightMatch/TestArtifacts/FightMatch/LOC-LIC-ALT-M/xunit-license-research-13/root-01-license-path-history.connector.json	acquisition/research-13/root-01-license-path-history.connector.json	45191	36598d3d9b8ec30e2957bf88203e8ab452b10e28879014602bc6f3f577396d78
R13 receipt/manifest	/Volumes/WD_BLACK_SN7100_2TB_Media/UnityProj/FightMatch/TestArtifacts/FightMatch/LOC-LIC-ALT-M/xunit-license-research-13/root-01.response.json	acquisition/research-13/root-01.response.json	79772	4f972de7cedd655f2ead2c1b3ff3b8f3f631c52558dc8c233eff53f4deea02d1
R13 receipt/manifest	/Volumes/WD_BLACK_SN7100_2TB_Media/UnityProj/FightMatch/TestArtifacts/FightMatch/LOC-LIC-ALT-M/xunit-license-research-13/root-02.response.json	acquisition/research-13/root-02.response.json	4765	a5ca876818dd67dc9025b9a9e8432ee7fc8cf759758aaeedd77b758de9280040
R13 receipt/manifest	/Volumes/WD_BLACK_SN7100_2TB_Media/UnityProj/FightMatch/TestArtifacts/FightMatch/LOC-LIC-ALT-M/xunit-license-research-13/root-03.response.json	acquisition/research-13/root-03.response.json	14456	05bf44bf1ed41d7c6a8e0b76318bc84ec4b3ca46e8b93853a4c12a1dc75ed0da
R13 receipt/manifest	/Volumes/WD_BLACK_SN7100_2TB_Media/UnityProj/FightMatch/TestArtifacts/FightMatch/LOC-LIC-ALT-M/xunit-license-research-13/root-04.response.json	acquisition/research-13/root-04.response.json	5718	d0f89a0342271c464e2acac14494276d7d39a59bdbf8a7ad3cdd70eeacd05672
R13 receipt/manifest	/Volumes/WD_BLACK_SN7100_2TB_Media/UnityProj/FightMatch/TestArtifacts/FightMatch/LOC-LIC-ALT-M/xunit-license-research-13/xunit-xunit-ffee51ac-license.txt	acquisition/research-13/xunit-xunit-ffee51ac-license.txt	2357	e9dcf94cc4864ba47aeaaec879cfabaf3feadb813c77af480c3ad14c6de0ed79
M13 activation	/Volumes/WD_BLACK_SN7100_2TB_Media/UnityProj/FightMatch/docs/team/2026-09-30/engineering-loc-xunit-license-source-delta-13.md		15034	5c0e4f452d345631c14b0007db519295a69480de44d4f22ca10d2159043b2442
M12 derivation input	/private/tmp/fightmatch-loc-lic-alt-m12/loc-lic-alt-yamldotnet-16.3.0-m12/preflight/m12_driver.py		42263	6759dd14fc5dd77af385e0c3268a7e48dbdfd56e2b5ea4cc048bdb061de97b45
