sample,warrior_before_boss,mage_before_boss,cards_before_boss,actions_total,multipliers
1,7,6,8,64,"2,2.5,2.2,2.8,2.8,2.2,2.2,2,3,2.2,2,2.5,2,3,2.5,2.5"
2,7,6,9,64,"2.5,2.5,2.2,2.8,2.2,2.5,2.5,2.2,2,2.8,2,2.8,2.5,2,2,2.8"
3,7,6,8,64,"2.8,2.8,2,2.2,2,2.2,2,2.8,2.2,2,2.5,2,3,2,2.5,2"
4,7,6,8,64,"2.5,2,2,2.2,3,2.5,2.8,3,2.8,2,2.2,2,2.2,2,2.2,2"
5,7,6,9,64,"2.5,2,2,2.8,3,2.2,2.5,2.8,2.2,3,2.5,2.8,2.5,2,2,2"
6,7,6,7,64,"2.5,2,2,2,2,2.8,2,2.2,2.2,2.2,2.8,2,2.8,2.8,2.8,2.2"
7,7,6,8,64,"2.5,2,2.2,2,2.2,2,2.2,2.2,2.5,2,2.2,2.8,2.2,2,2.8,2.5"
8,7,6,9,64,"2.8,2.5,3,2.2,2.8,2,2,3,3,2.5,2.8,2.2,2.5,2.2,2.2,3"
9,7,6,8,64,"2.5,2,2.8,2.5,2.5,2,2,2.5,2.8,2,2,2,2.2,2,2.5,2.5"
10,7,6,8,64,"2.5,2.8,2.8,2.2,2.5,2.5,2.5,2.2,2,2.5,2,2,2.5,2,2.2,2.2"
11,7,6,7,64,"2.8,3,2,2,2.8,2.5,2.2,2.2,2.8,2,3,2,2.8,2.5,2.2,2.5"
12,7,6,9,64,"2.2,3,2,2.5,2.8,2.2,2,2.5,2.8,2.2,2.2,3,2.2,2.8,3,2"
13,7,6,9,64,"2,2,2.5,2.2,3,2.5,2.5,2.8,2,2.2,2,2.5,2.2,2,2.2,2"
14,7,6,9,64,"2.8,2,2,2.8,2.5,2,2.8,2.5,2,2,2.5,2.2,2.2,2,2,2"
15,7,6,9,64,"2,2.5,2.5,2.5,2.8,2.2,2.8,2.5,2.5,2,2.2,2.8,2,2.2,2.5,2.5"
16,7,6,9,64,"2,2.8,2,2.5,2.5,2,2.5,2.5,2,2,2,2.2,3,2.2,2,2.2"
17,7,6,7,64,"2.5,2.2,2.2,2,2.2,2.2,2.5,2.8,2.5,2.2,2,2,2.5,2.5,2,2.8"
18,7,6,9,64,"2,2.5,2.2,2.2,2,2.8,2.2,2.5,2,2.2,2.8,2.5,2.5,2.2,2,2"
19,7,6,8,64,"2.2,2,2.2,2,2,2.8,2.8,2.2,2,2.2,3,2.2,2.2,2,2.5,2.5"
20,7,6,8,64,"2.2,2,2,2.5,2.2,2.8,3,2,2,2,2.8,2.2,2.5,2.2,2.8,2"
21,7,6,7,64,"2.2,2,2.2,2,2.8,2,2,2,2.5,2,2,2.8,2,2.2,3,2.2"
22,7,6,8,64,"2.8,3,2.2,2.5,2.5,2,2.2,2.8,2.5,2.2,2,2,2,2,2.2,2.5"
23,7,6,7,64,"2,2.2,2,2,2.2,2,2.5,3,2.8,2,2.5,2,2.5,2.2,2.5,2"
24,7,6,7,64,"2.2,2,2.5,2.5,2,2.8,2,2,3,2,2.2,2,2.8,2.2,2.5,2.2"
25,7,6,8,64,"2,2,2,2.2,2.2,2.2,2.8,2,2.8,2,2,2.5,2.8,2.8,2.2,2.2"
26,7,6,9,64,"2.2,2,2.2,2.5,2,2,2,2.8,3,2,2.5,2.2,2.8,2.8,2,2"
27,7,6,9,64,"2.2,2.5,2,2.8,2.2,2.8,2.2,2.5,2.8,2.2,2.8,2.5,2,2.8,2.5,2.2"
28,7,6,9,64,"2.2,2,2.5,2.2,2.5,2.5,2,2.2,2.2,2.5,2.5,2.8,2.5,2,2,2.5"
29,7,6,8,64,"2,2.8,2.2,2.8,2.5,2.5,2.8,2,2.5,2.5,2.2,3,2,2,2.5,2.5"
30,7,6,8,64,"2.5,2.5,2.5,2.5,2,2.8,2.5,2,2.2,2,2,2.2,2.2,2.2,2,2.2"
31,7,6,7,64,"2,2,2.2,2,2.2,2.2,2.2,2,2,2.5,3,2.8,2.2,3,3,3"
32,7,6,6,64,"2.5,2.5,2.2,2,2.5,2.8,2.5,2,2,2,2.5,2,2.5,2,2.5,2.2"
33,7,6,9,64,"2.8,2.2,2,2.2,2,2,2.8,2.5,2.2,2.2,2.8,2.5,2,3,2.2,2.5"
34,7,6,8,64,"2.5,2.2,2.5,2,2.5,2.2,2,2.8,2.2,3,2,2.2,2.2,2,2.5,2.8"
35,7,6,8,64,"2.8,2,2.2,2,2.5,2.2,2.5,2.5,2.2,2.8,2.5,2.5,2.5,2,2.8,2.2"
36,7,6,8,64,"2,2,2.2,2.5,2,2.2,2.2,2.2,2.5,2,2,2,2.2,2.2,2.8,2.5"
37,7,6,8,64,"2,2.2,2.2,2,2.5,2,2,2.2,2,2.2,2.5,2.2,2.8,2,2.2,2.8"
38,7,6,7,64,"2.2,2.2,2.2,2,2.2,2.2,2.2,2,2.5,2.5,2.8,2.5,2.2,2.2,2,2.8"
39,7,6,8,64,"2.5,3,2,2.8,2.5,3,2.2,2.5,2,2,2,2,2.5,2.5,2,2.2"
40,7,6,7,64,"2.5,2,2.2,2.2,2,2.8,2,2,2,2.2,2,2,2.2,2.8,2.2,3"
41,7,6,8,64,"2,3,2.2,2.2,2,2.5,2,2,2.5,2.2,2.5,3,2.5,2,2.2,2"
42,7,6,8,64,"2,2.5,2.5,2.8,2.8,2,2,2,2.2,2.5,2.5,2.2,2.8,3,2,2.8"
43,7,6,8,64,"2,2.2,2.5,2.5,2.2,3,2.2,2,2.5,2.2,2.5,2.8,2,2,2,2"
44,7,6,9,64,"2,2.2,2,2.2,2.8,2,2,2.8,2,2.8,2.5,2.2,2.5,2,2.5,2.5"
45,7,6,8,64,"2,2.5,2.8,2.2,2.5,3,2.2,2,2,2.8,2.8,2.2,2.8,2,2.5,2"
46,7,6,8,64,"2.2,2.2,2.5,2.8,2,2.2,2.5,2,2,2.8,2.2,2.2,2,2,2.5,2"
47,7,6,9,64,"2.5,2.2,2,2.5,2,2.2,2.8,2.8,2.8,2.8,2,2.8,2.8,2,2,2.5"
48,7,6,8,64,"2,2.5,2.8,2.8,2,2.5,2.8,2,2,2,2.5,2.5,2,2.2,2.2,2.8"
49,7,6,8,64,"2.5,2.2,2,2.8,2.8,2.8,2.2,2.5,2.8,2.2,2,2,2.5,2,2.5,2.5"
50,7,6,7,64,"2.2,2.8,2,2,2,2.8,2,2,2.2,2,2,3,2.5,2.2,2.8,2.2"
51,7,6,9,64,"2.2,2.2,2.2,2.5,3,2,3,2.2,2.8,2.8,2,2.2,2.5,2,3,2.5"
52,7,6,7,64,"2.5,2.2,2,2,2,2.5,2,2,2.2,2.8,2,2.8,2.2,2,2,2.5"
53,7,6,7,64,"2,2.2,2,2.8,2,2.2,2,2,2.8,2.2,3,2,2.2,2.8,2.5,2.5"
54,7,6,8,64,"2.8,2,2.2,2,2,2,2.8,2.8,2,2.5,2.5,2.5,2.2,2,2.2,2.8"
55,7,6,7,64,"2.8,2.5,2,2,2.8,2,2,2.5,2,2,2.2,2,2,3,2,2"
56,7,6,8,64,"2.2,2,2.5,2,2.8,2.8,2,3,2,2,2.5,2.8,2,2.8,2.2,2.2"
57,7,6,9,64,"2.8,2,2,2.2,2,2,2,2.5,2,2.2,2.8,2.5,2.8,2.5,2,2.2"
58,7,6,8,64,"2.5,2.8,2,2.8,2.5,2.2,2.2,2,2.2,2.5,2,2.8,2.2,2.2,2.2,2.8"
59,7,6,9,64,"2.5,2.8,2.2,2.8,2,2.2,2.2,2.2,2.5,2.2,2,2.5,2.8,2,2,2.5"
60,7,6,8,64,"2.2,2,3,2,2.8,2.8,2,2.5,2,2,2.5,2.5,2,2.2,2.2,2.8"
61,7,6,8,64,"2.2,2.2,2,2.5,2.2,2.8,2.2,2.8,2,2.2,2.8,2,2.2,2,2.5,2.2"
62,7,6,9,64,"2,2,2.2,2.8,2.8,3,2,2.8,2,2.2,2.2,2.2,2.2,2.5,2,2.2"
63,7,6,8,64,"2.2,2.2,2.5,3,2,2,2.5,3,2.5,2,2.2,2,3,2.2,2.2,2.2"
64,7,6,9,64,"2.2,2,2.8,2.5,2.8,2.8,2.2,2.2,2.5,2.5,2.5,2.8,2,2.5,2.5,2"
65,7,6,8,64,"2.2,2.8,2,2.8,2,2.2,2,2.2,2.2,2.5,2.2,2,2.8,2.2,2.5,2"
66,7,6,8,64,"2.5,2.2,2.2,2.2,2.2,2.2,2,2.2,2.8,2.8,2.8,2,2.8,2.8,2,2.8"
67,7,6,7,64,"2,2.5,2.5,2.8,2.5,2,2.8,2,2.2,2,2.8,2,2,2,2,2.5"
68,7,6,8,64,"2,2,2,2.2,2.5,2.2,2.2,2.8,2,2,2.8,2,2.5,2.2,2.5,2"
69,7,6,9,64,"2.2,2,2,2.2,2.8,2.5,2,2.5,2,2,2.2,2.8,2.2,2,2,2.5"
70,7,6,9,64,"2,2.8,2.5,2.2,2.2,2,2,2.5,2.2,2,2.8,3,2.8,2.8,2,2"
71,7,6,9,64,"2.5,2.2,2.2,2.5,3,2.2,2.2,3,2.2,2.5,2.5,2.5,2.5,2.8,2,2.2"
72,7,6,8,64,"3,2.8,2.2,2,2.2,2.8,2,2.5,2,2,2.8,2.8,2,2.8,2,2.8"
73,7,6,8,64,"2,2.2,2.8,2.8,2.2,2,2.5,2,2.5,2,2,2.8,2,2,2,2"
74,7,6,7,64,"3,2.2,3,2.5,2,2.5,2.8,2,2.2,2.2,2.8,2,3,2.2,2.8,2.5"
75,7,6,9,64,"2.8,2,2.5,2.5,2.2,2.2,2.2,2.8,2.8,3,2.2,2.2,2.2,2.8,2.5,2.2"
76,7,6,7,64,"2,2,2.5,2,2.2,2.5,2,2.8,2.2,2.2,2.5,2,2,2.2,2.5,2.8"
77,7,6,7,64,"2.5,2.8,2,2.8,2,2.2,2.8,2,2.5,2.5,2.5,2,2.2,2,2.5,2"
78,7,6,6,64,"2.2,2,3,2,2.5,2.2,2.5,2,2.2,2,2.2,2,2.2,2,2.5,2.2"
79,7,6,8,64,"2,2.2,3,2.2,2.5,2.2,3,2.2,2.8,2.2,2,2,2.2,2.5,2.5,2.5"
80,7,6,8,64,"2,2.2,2,2.5,2.8,2.2,2.2,2,2.5,2,2,2.8,2.5,2.8,2.5,2.8"
81,7,6,8,64,"2,2,2,2.8,2.8,2.5,2.2,3,2.5,2.5,2,2,2.8,2.2,2,2.8"
82,7,6,7,64,"2.8,2,2.2,2,2.8,2.8,2.5,2,2.2,2.8,2,2.8,2.5,2.5,2.5,2.2"
83,7,6,8,64,"2.8,2.5,2.2,2.2,2,3,2.2,2,2.8,2.5,2,2.5,2.8,2.5,2,2.8"
84,7,6,8,64,"2,2,2.8,2,2.2,2.8,2.2,2.8,2.2,2.2,3,2.8,2,2.2,2.5,2.2"
85,7,6,8,64,"2.2,2,2.8,2,2.8,2.2,2,2.2,2.2,2.5,2.2,2.2,2.2,2.8,2.8,2.5"
86,7,6,8,64,"2.5,2.5,2.8,2,2.2,2.2,2.5,2.5,2,2.5,2,3,2,2.2,2.2,2.2"
87,7,6,8,64,"2,2,2.8,2.5,2,2.5,2,2.5,2,2,3,2,2.5,2,2,2"
88,7,6,9,64,"2.5,2.2,2.8,2.8,2,2,2.2,2.8,2.8,2.2,2,2.5,2.2,2,2.8,2.8"
89,7,6,8,64,"2.8,2.2,2.2,2.2,2.5,2.8,2.2,2.5,2,2,2.2,2,2,2.8,2.5,2"
90,7,6,8,64,"2.5,2,2.2,3,2.5,2,2.2,2,2.2,2.2,2,2.5,2.2,2.5,2.2,2"
91,7,6,7,64,"3,2.5,3,2,2.2,2.5,2,2,2.5,2.2,2,2.2,2.8,2,2.8,2"
92,7,6,8,64,"2.8,2,2.5,2.8,2.2,2,2.5,2,3,2,2.5,2.2,2.8,2,2.2,2.8"
93,7,6,8,64,"2.2,2.2,2.5,2.5,2.5,2.2,2.5,2.5,2.5,2.5,2,2,2,3,2.8,2.5"
94,7,6,7,64,"2.5,2.5,2.8,2,2,2,2.2,2,2,3,2.2,2.5,2.5,3,2.5,2"
95,7,6,7,64,"2.2,2.2,2.8,2.2,2,2.2,2.8,2,2,2.2,2.2,2,2.5,2,2.2,2"
96,7,6,7,64,"2.2,2.5,2.5,2,2.8,2.5,2,2,2.5,3,2.2,2.8,2.5,2,2,3"
97,7,6,8,64,"2,2.5,2,2,2.8,2,2,2.2,2.5,2.2,2.2,2.8,2.8,2.5,2,2.2"
98,7,6,7,64,"2.5,2,2.2,2,2,2.2,2.2,2,2,2.8,2,2.8,2,2,2,2"
99,7,6,9,64,"2,2.8,2.5,2.2,2.2,2.2,3,2.5,2,2,2,2.2,2,2.5,2.8,2.5"
100,7,6,9,64,"2.2,2.5,2.5,2.8,2.2,3,2,2.8,2.2,2,2,2.2,2.5,2,2,3"
101,7,6,8,64,"2,2.8,2,2,2.5,3,2.5,3,2.8,2.8,3,2.2,2,2.5,2.2,2"
102,7,6,9,64,"2,2,2.2,2.2,2.2,2.2,2,2.2,2.5,2.2,2.8,2.2,2.5,2.5,2.2,2"
103,7,6,7,64,"2.5,2.2,3,2,2,2.5,2,2,2.8,2.8,3,2.2,2,2,2,3"
104,7,6,9,64,"2.8,2,2,3,3,2.8,2.5,2.8,2.2,2.5,2.5,2.5,2.8,2.8,2.5,2"
105,7,6,7,64,"2,2.5,2.8,2.5,2.2,2.2,2.2,2,2.8,2.5,2.5,2,2,2.2,2.8,2.5"
106,7,6,7,64,"2,2.5,2.5,2,2.8,3,2.2,2,2,2.5,2,2.5,2.2,2.2,2.2,3"
107,7,6,7,64,"2.2,2,2,2,2.8,2,3,2.5,2.5,3,2.2,2,2,2.8,2.2,2.2"
108,7,6,9,64,"2.2,2,2,2.5,2,2,2.2,2.5,2.2,2,2.8,2.2,2.5,2,2.8,2.2"
109,7,6,9,64,"2.2,2,2,2.2,2.5,2.5,2.8,3,2.2,2.5,2.5,2.8,2,2.5,2,2.5"
110,7,6,8,64,"2.8,2,2.8,2,2.8,3,2.8,2.8,2.2,2.2,2.2,2.2,2,2.8,2.8,2"
111,7,6,7,64,"2.2,2,2.8,2.5,2,2.2,2,2,2,2.2,3,2,2.8,2.2,2,2.2"
112,7,6,9,64,"2,2.2,2.8,2.8,2,2.8,3,2.5,2,2,2,2.5,2.2,2,3,2"
113,7,6,8,64,"2.5,2,3,2,2.5,2.2,2.2,2.8,2.2,2,2.8,2.8,2.2,2.2,2.5,2.2"
114,7,6,8,64,"2.2,2.2,2.5,2.8,2.5,2,2.2,2,2.5,2,2.2,2.2,2.2,2,2,2.8"
115,7,6,9,64,"2,2,2.2,2.8,2,2,2,2.2,2,2.5,2.8,2.8,2.2,2.2,2,2.2"
116,7,6,7,64,"2,2.8,2.2,2,2.5,2.5,2.2,2.8,2.8,2.2,2.5,2,2.2,2.8,2,2.2"
117,7,6,7,64,"2.2,2,2.8,2,2.5,2.2,2,2.5,2,2.5,2,2,2.8,2,2,2.8"
118,7,6,9,64,"2.8,2.8,2,3,2.8,2,2.2,2.5,2,2.8,2.2,2.5,2,2,2.5,3"
119,7,6,7,64,"2,2,2.2,2,2.8,2,2.2,2,2.5,2.2,2.2,2.8,2,2.8,2,2"
120,7,6,7,64,"2.5,2,3,2,2,2,2,2.2,3,2,2.2,2,2.2,2.5,2.5,2"
121,7,6,8,64,"2,2.5,2.2,2,2,3,2.8,2.8,2.5,2.8,2,2.5,2.8,2.8,2.8,2"
122,7,6,7,64,"2.8,2,2.8,2,2.2,2.8,2,2.2,2,2,3,2,2.2,2,2,2"
123,7,6,8,64,"2.2,2,2.5,3,2,2,2.5,2.5,2,2,2,2,3,2.5,2,2"
124,7,6,8,64,"2.5,2.2,3,2,2,2.5,3,2.2,2.2,2,2.5,2.2,2,2.8,2,2.2"
125,7,6,9,64,"2,3,3,2.5,2.2,3,2.2,2.8,2,2.8,3,2.2,2.8,2.8,2.2,2.8"
126,7,6,8,64,"2.5,2.2,3,2,2.5,2.5,2,2.2,2,2.5,2.5,2.8,2.5,2.5,2.2,2.5"
127,7,6,7,64,"2,2.2,2.5,2,2.2,2.5,2.5,2.8,2,2,2.5,2,2.2,2,2.2,2.2"
128,7,6,8,64,"2.5,2,2,2,2.2,2.8,2,2.8,2,2.8,2,2.8,2.2,2.8,2.5,2.2"
129,7,6,8,64,"2.8,2.5,2.8,2.5,3,2.8,2,2,2,2,2.8,2.5,2,2,2.2,2.5"
130,7,6,9,64,"2,2.5,2,2.8,2.8,2.5,2.2,2.2,2.2,2.2,2,2.5,2.5,2,2.5,2"
131,7,6,9,64,"2.5,2.2,2.2,2.2,2.8,2.8,2.5,2.5,2,2,2.5,2.2,2,2,2.5,2"
132,7,6,7,64,"2.5,2.8,2,2,2,2.8,2.5,2,2,2,2.2,2.5,2.5,2,2.5,2"
133,7,6,6,64,"2.8,2.8,2.2,2,2.5,2,2.2,2,2.5,2.2,2.5,2,2.5,2.2,2.8,3"
134,7,6,7,64,"2.5,2,2,2,2.2,2.8,2.5,2.5,3,2.2,2,2,2.5,2,2.2,2"
135,7,6,8,64,"2.8,2.2,2.5,2.5,2.8,2,2.2,2,2.2,2,2.5,2.2,3,2,2,2"
136,7,6,8,64,"2,2,2,2.2,3,2.5,2.8,2.5,2,2,2.2,2,2.5,2.5,2.8,2.2"
137,7,6,9,64,"2.5,2.5,2.5,2.8,2.2,2.8,2.5,2.2,2.8,2.5,2.2,2.5,2.8,2,2.2,2"
138,7,6,8,64,"2.2,2.8,2.5,2.2,2.8,2.8,2.5,2,2.2,3,2.5,2.5,2,2.2,2,2.8"
139,7,6,8,64,"2.5,2.8,2.2,2.5,2,2.2,2.8,2,2.5,2.2,2.2,2.2,2.5,2,2,2.2"
140,7,6,7,64,"2,3,2,2,2,2.5,2,2,2.8,2,2.5,2.2,2.5,2.8,2.8,2.5"
141,7,6,9,64,"2.2,2.5,2.8,2.5,2,2.5,2.8,2.5,2,3,2.2,2.5,2.5,2.2,2.8,2"
142,7,6,7,64,"2.2,2,2.2,2.5,2.2,2.2,2,2,2,2.8,2.5,2,2.2,2,2.5,2.5"
143,7,6,7,64,"2.5,2.2,2.8,3,2.2,2,2.5,2,2,2,2.5,2,2,2,2.8,2"
144,7,6,8,64,"2.5,2.8,2,2,2,2.8,2.5,2.2,2.5,2.5,2.5,2.2,2.2,2.2,2.8,2.5"
145,7,6,8,64,"2.2,2,2.2,2,2,2,2,2.2,2,2,2,2.8,2.2,2.2,2.8,2.2"
146,7,6,8,64,"2.2,2.8,2.5,2.5,2.8,2,2.2,2.8,2,2.2,2.8,2,2,2.8,2.2,2.5"
147,7,6,6,64,"2,2.2,2.5,2,2,2.8,2.2,2,2.8,2,2.2,2,2.8,2.5,2.5,2.2"
148,7,6,8,64,"2,2.2,2,2.8,2,2,2.2,2,2.2,2,2,2.2,2.5,2,2.2,2.8"
149,7,6,9,64,"3,2,2.2,2.2,2,2,2.2,2.8,2.8,2,2.2,3,2,2,2.2,2.2"
150,7,6,9,64,"2,2.5,2,2.5,2,2.2,2,2.2,2.2,2.8,2.5,2.5,2.2,2.8,2.2,2.2"
151,7,6,9,64,"2.2,2,2,3,2.8,2,2.2,2.8,2.5,2.2,2.8,2.2,2,2.5,2.2,2.8"
152,7,6,7,64,"2,2.2,2,2,2.2,2,3,2,2,2,2.2,2.5,2.8,2.8,2.2,2"
153,7,6,7,64,"3,2,3,2,2.5,2.5,2,2.5,2,2,2,2,2,2,2,2.5"
154,7,6,7,64,"2.5,2.5,2.2,2,2.5,2.8,3,2,2,3,2.8,3,2,2,2.5,2.5"
155,7,6,8,64,"2.5,2,2,2.2,2,2,2.8,2.5,2.5,2.8,2,2,2.5,2.2,2.5,2.5"
156,7,6,8,64,"2,2.5,2.2,2.8,2,2.2,2.8,2.2,2.2,2.2,2.8,2,2.8,2.2,2,2.2"
157,7,6,7,64,"2.5,2.2,2.5,2.5,2.8,2.5,2.8,2,2.2,2.2,2.2,2,2,2.8,2.2,3"
158,7,6,7,64,"2,2,2,2,3,2.2,2.8,2.2,2,2.2,3,2,2.2,2.2,2.5,2.5"
159,7,6,8,64,"2.8,2,2.5,2.8,2,2.2,2.2,2.8,2.8,2.2,2.8,2,2.2,2,2.2,2"
160,7,6,8,64,"2.8,2.5,2.2,2.8,2.8,2,2.8,2.2,2.2,2,2,2,2.5,2.2,2.2,2.2"
161,7,6,8,64,"2.5,2,2.5,2.2,2.5,2,2.5,2.2,2.5,2.5,2,2,2.8,2.5,2,2"
162,7,6,8,64,"2.2,2.5,3,2,2,2,2,2.5,2.8,2.2,2,2.5,2.2,2.2,2.5,2"
163,7,6,7,64,"2.8,2.5,2,2,2.5,2.5,2.2,2,2.8,2.2,3,2.8,2,2.2,2.5,2"
164,7,6,7,64,"2,2.5,2.5,2,3,2.8,2.2,2.2,2,2,2.5,2,2.2,2,2.2,2.5"
165,7,6,9,64,"2.8,2.5,2.8,2.2,2.8,2.2,2.2,2.2,2,2.5,2,2.2,2.2,2.2,2.8,2.5"
166,7,6,9,64,"2.2,2.8,2.5,3,2.2,2,2,2.2,2.5,2,2,2.2,2.2,3,2.2,2"
167,7,6,8,64,"2.5,2,2.5,3,2.8,2,2.2,2.5,2,2.2,2,2,2,2.8,2,2"
168,7,6,8,64,"2.2,2,2.5,2.2,2.8,2.8,2.5,2.2,2,2.5,2.8,2,2.5,2.5,2.2,2"
169,7,6,7,64,"2.2,2.8,2.5,2,2.8,2,2,2.5,2,2.2,2.2,2,2.2,2.8,2,2"
170,7,6,8,64,"2.2,2.2,2.2,2,2.2,2.8,2.5,2.2,2,2.5,2.2,2.2,2.2,2.5,2,2.2"
171,7,6,8,64,"2.2,2.8,2.5,2.5,2.2,2,2.2,2,2,2.2,2.8,2.5,2,2,2,2"
172,7,6,8,64,"2,2.8,2.5,2.2,2.5,2.5,2.5,2.8,2.5,2,3,2,2.5,2,2.8,2.2"
173,7,6,7,64,"2.5,2.5,2.8,2,2.2,2.2,2.2,2.8,2.5,2,2.2,2,2,2,2,2.8"
174,7,6,7,64,"2.2,2,2,2,2,2.5,2,2,2.5,2.8,2.5,2.2,2.5,2,2.2,2"
175,7,6,7,64,"2.5,2,2.8,2.5,2.2,2.5,2.5,2,2.2,2.8,2,2,2.5,2,2.5,2.8"
176,7,6,7,64,"2.2,2.8,2.2,2,2,2.2,2.2,2.5,2.8,2,2,2,2.5,2.2,2.5,2.2"
177,7,6,9,64,"2,2.2,2.2,2.8,2,2.2,2.2,2.8,2.5,2.5,2.2,2.5,2.8,2.2,2.2,2.5"
178,7,6,8,64,"2.2,2,2,2.8,2,2.2,2.2,2.5,2,2,3,2,2.2,2.2,2,2"
179,7,6,9,64,"2,2,2,3,2.5,2,2.2,2.2,2.5,2.2,2.2,2.5,2.8,2.8,2.2,2.2"
180,7,6,9,64,"2.8,2.5,2.8,2.2,2,3,2,2.2,3,2.8,2.2,2.8,2.2,2.2,2.2,2.5"
181,7,6,9,64,"2.2,2.2,2.2,2.2,2.8,2.8,2.8,2.5,3,2.2,2.2,2.5,2,2.8,2,2.8"
182,7,6,8,64,"2,2.2,2.8,2.5,2.5,2,2.2,2.8,2.8,2,2.5,2,2,2,3,2.5"
183,7,6,9,64,"2,2.8,2.5,3,2,2.2,2.8,2.8,2.2,2.8,2.8,2.5,2,2,2.5,2.5"
184,7,6,9,64,"2.8,2.2,2.5,2.2,3,2,2.2,2.5,2.2,2.8,2.2,2.2,2,2.2,2,2.5"
185,7,6,9,64,"2,2.5,2.5,2.5,2.5,2.2,2.2,2.8,2.8,2,2.5,2.5,2.5,2.2,2.2,2.5"
186,7,6,8,64,"2.8,2.5,2,2,2,2.2,2.5,2.8,2.8,2.2,2.8,2.2,2.8,2.2,2.5,2.8"
187,7,6,8,64,"2.2,2,2.5,2,2.5,2,2.8,2.2,2.8,2.8,2,2.5,2,2,2.5,2"
188,7,6,9,64,"2.5,2.5,2,2.5,2.2,2,2.2,2.2,2.5,2,2.5,2.2,2.2,2.2,2,2"
189,7,6,8,64,"2,2.8,2,2.2,2,2.2,2.8,2.5,2.2,2,2.2,2,2,2.2,2.5,2"
190,7,6,8,64,"2,2.5,2,2,2.2,2,2,2.8,3,2,2,2.2,2.2,2,2,2.5"
191,7,6,7,64,"3,2.2,2.5,2,2.2,2,2.5,2,2.2,2,2.8,2.2,2.5,2.2,2.5,2"
192,7,6,8,64,"2.2,2.2,2.2,2,2.5,2.2,2.2,2.5,2.5,2.2,2.8,2.2,2.2,2.5,2,2.5"
193,7,6,8,64,"2,2,2.5,2.2,3,3,2.2,2,2.8,2.5,2.5,2.5,2,2.5,2,2.2"
194,7,6,9,64,"2,2.2,2.2,2.5,2.5,2.5,3,2.5,2.8,2,2,2.2,2,2.5,2.8,2.5"
195,7,6,9,64,"2.5,2,2.2,2.8,2.2,3,2.2,2.8,2.2,2,2.2,2.5,2.2,2.5,2.2,2.8"
196,7,6,8,64,"2,2,2,2.5,2.2,2.5,2.8,2,2.2,2.2,3,2.2,2.5,2.2,2.8,2"
197,7,6,8,64,"2,2.5,2.5,2.5,2.2,2,2,2.8,2,2,2,2,2,2,2.8,2"
198,7,6,6,64,"2,2,2,2,2.5,2,2.8,2,2.2,2,2.2,2,2,2,2,2"
199,7,6,7,64,"2.2,2.5,2.8,2.2,2,2,2.8,2,2.5,2,2.2,2,2.2,2.5,2.5,2.5"
200,7,6,9,64,"2,2,2.2,2.8,2.2,2,2.5,2.5,2.2,2,2.2,2.5,2.8,2.8,2.2,2"
