configuration,boss_ranged_attack,boss_melee_base_attack,scenario,warrior_level,mage_level,phase,global_action,phase_action,selected_class,target,target_alive_rank_before,normal_in_range,direct_multiplier,normal_damage_rolled,normal_damage_effective,taunt_cast,taunt_skipped_by_kill,taunt_redirected_boss_ranged,taunt_cd_before,taunt_cd_after,warrior_effective_assist_events_this_action,mage_effective_assist_events_this_action,boss_intent,actual_shell_heal,heal_charges_spent_this_phase,enemy_events,warrior_hp_before,warrior_hp_after,mage_hp_before,mage_hp_after,enemy_hp_after,mechanic_charges_after,phase_cleared_assuming_drawable_lines
candidate_r26_m12,26,12,clear_first_correct_taunt,5,4,1,1,1,W,shell,3,0,1.0,0,0.0,1,0,1,0,2,1,0,ranged,0.0,0,A:hit_W=3.0 / B:hit_W=3.0 / shell:hit_W=22.0,132.0,104.0,89.28,89.28,"{""A"":18.0,""B"":18.0,""shell"":60.0}","{""A"":2,""B"":2}",0
candidate_r26_m12,26,12,clear_first_correct_taunt,5,4,1,2,2,W,A,1,1,1.0,24,18.0,0,0,0,2,1,0,0,charge,0.0,0,B:heal_shell=0.0;charges=2 / shell:charge,104.0,104.0,89.28,89.28,"{""A"":0.0,""B"":18.0,""shell"":60.0}","{""A"":2,""B"":2}",0
candidate_r26_m12,26,12,clear_first_correct_taunt,5,4,1,3,3,M,B,1,1,1.0,25,18.0,0,0,0,1,0,0,0,melee,0.0,0,shell:hit_W=16.0,104.0,88.0,89.28,89.28,"{""A"":0.0,""B"":0.0,""shell"":60.0}","{""A"":2,""B"":2}",0
candidate_r26_m12,26,12,clear_first_correct_taunt,5,4,1,4,4,M,shell,1,1,1.0,22,22.0,0,0,0,0,0,0,0,rest,0.0,0,shell:rest,88.0,88.0,89.28,89.28,"{""A"":0.0,""B"":0.0,""shell"":38.0}","{""A"":2,""B"":2}",0
candidate_r26_m12,26,12,clear_first_correct_taunt,5,4,1,5,5,W,shell,1,1,1.0,19,19.0,1,0,1,0,2,1,0,ranged,0.0,0,shell:hit_W=22.0,88.0,66.0,89.28,89.28,"{""A"":0.0,""B"":0.0,""shell"":19.0}","{""A"":2,""B"":2}",0
candidate_r26_m12,26,12,clear_first_correct_taunt,5,4,1,6,6,M,shell,1,1,1.0,22,19.0,0,0,0,2,1,0,0,charge,0.0,0,,66.0,66.0,89.28,89.28,"{""A"":0.0,""B"":0.0,""shell"":0.0}","{""A"":2,""B"":2}",1
candidate_r26_m12,26,12,clear_first_correct_taunt,5,4,2,7,1,M,core,2,1,1.0,24,24.0,0,0,0,1,0,0,0,charge,0.0,0,soldier:charge / core:charge,66.0,66.0,89.28,89.28,"{""soldier"":20.0,""core"":66.0}",{},0
candidate_r26_m12,26,12,clear_first_correct_taunt,5,4,2,8,2,W,soldier,1,1,1.0,22,20.0,0,1,0,0,0,0,0,melee,0.0,0,core:hit_W=16.0,66.0,50.0,89.28,89.28,"{""soldier"":0.0,""core"":66.0}",{},0
candidate_r26_m12,26,12,clear_first_correct_taunt,5,4,2,9,3,M,core,1,1,1.25,30,30.0,0,0,0,0,0,0,0,rest,0.0,0,core:rest,50.0,50.0,89.28,89.28,"{""soldier"":0.0,""core"":36.0}",{},0
candidate_r26_m12,26,12,clear_first_correct_taunt,5,4,2,10,4,W,core,1,1,1.0,22,22.0,1,0,1,0,2,1,0,ranged,0.0,0,core:hit_W=22.0,50.0,28.0,89.28,89.28,"{""soldier"":0.0,""core"":14.0}",{},0
candidate_r26_m12,26,12,clear_first_correct_taunt,5,4,2,11,5,M,core,1,1,1.0,24,14.0,0,0,0,2,1,0,0,charge,0.0,0,,28.0,28.0,89.28,89.28,"{""soldier"":0.0,""core"":0.0}",{},1
candidate_r26_m12,26,12,leave_healer_one_real_heal,5,4,1,1,1,W,shell,3,0,1.0,0,0.0,1,0,1,0,2,1,0,ranged,0.0,0,A:hit_W=3.0 / B:hit_W=3.0 / shell:hit_W=22.0,132.0,104.0,89.28,89.28,"{""A"":18.0,""B"":18.0,""shell"":60.0}","{""A"":2,""B"":2}",0
candidate_r26_m12,26,12,leave_healer_one_real_heal,5,4,1,2,2,W,A,1,1,1.0,24,18.0,0,0,0,2,1,0,0,charge,0.0,0,B:heal_shell=0.0;charges=2 / shell:charge,104.0,104.0,89.28,89.28,"{""A"":0.0,""B"":18.0,""shell"":60.0}","{""A"":2,""B"":2}",0
candidate_r26_m12,26,12,leave_healer_one_real_heal,5,4,1,3,3,M,shell,2,1,1.0,22,22.0,0,0,0,1,0,0,0,melee,0.0,0,B:hit_W=3.0 / shell:hit_W=16.0,104.0,85.0,89.28,89.28,"{""A"":0.0,""B"":18.0,""shell"":38.0}","{""A"":2,""B"":2}",0
candidate_r26_m12,26,12,leave_healer_one_real_heal,5,4,1,4,4,M,shell,2,1,1.0,22,22.0,0,0,0,0,0,0,0,rest,6.0,1,B:heal_shell=6.0;charges=1 / shell:rest,85.0,85.0,89.28,89.28,"{""A"":0.0,""B"":18.0,""shell"":22.0}","{""A"":2,""B"":1}",0
candidate_r26_m12,26,12,leave_healer_one_real_heal,5,4,1,5,5,W,shell,2,0,1.0,0,0.0,1,0,1,0,2,1,0,ranged,0.0,0,B:hit_W=3.0 / shell:hit_W=22.0,85.0,60.0,89.28,89.28,"{""A"":0.0,""B"":18.0,""shell"":22.0}","{""A"":2,""B"":1}",0
candidate_r26_m12,26,12,leave_healer_one_real_heal,5,4,1,6,6,W,B,1,1,1.0,24,18.0,0,0,0,2,1,0,0,charge,0.0,0,shell:charge,60.0,60.0,89.28,89.28,"{""A"":0.0,""B"":0.0,""shell"":22.0}","{""A"":2,""B"":1}",0
candidate_r26_m12,26,12,leave_healer_one_real_heal,5,4,1,7,7,M,shell,1,1,1.0,22,22.0,0,0,0,1,0,0,0,melee,0.0,0,,60.0,60.0,89.28,89.28,"{""A"":0.0,""B"":0.0,""shell"":0.0}","{""A"":2,""B"":1}",1
candidate_r26_m12,26,12,leave_healer_one_real_heal,5,4,2,8,1,M,core,2,1,1.0,24,24.0,0,0,0,0,0,0,0,charge,0.0,0,soldier:charge / core:charge,60.0,60.0,89.28,89.28,"{""soldier"":20.0,""core"":66.0}",{},0
candidate_r26_m12,26,12,leave_healer_one_real_heal,5,4,2,9,2,W,soldier,1,1,1.0,22,20.0,0,1,0,0,0,0,0,melee,0.0,0,core:hit_W=16.0,60.0,44.0,89.28,89.28,"{""soldier"":0.0,""core"":66.0}",{},0
candidate_r26_m12,26,12,leave_healer_one_real_heal,5,4,2,10,3,M,core,1,1,1.25,30,30.0,0,0,0,0,0,0,0,rest,0.0,0,core:rest,44.0,44.0,89.28,89.28,"{""soldier"":0.0,""core"":36.0}",{},0
candidate_r26_m12,26,12,leave_healer_one_real_heal,5,4,2,11,4,W,core,1,1,1.0,22,22.0,1,0,1,0,2,1,0,ranged,0.0,0,core:hit_W=22.0,44.0,22.0,89.28,89.28,"{""soldier"":0.0,""core"":14.0}",{},0
candidate_r26_m12,26,12,leave_healer_one_real_heal,5,4,2,12,5,M,core,1,1,1.0,24,14.0,0,0,0,2,1,0,0,charge,0.0,0,,22.0,22.0,89.28,89.28,"{""soldier"":0.0,""core"":0.0}",{},1
candidate_r26_m12,26,12,waste_taunt_on_both_rests,5,4,1,1,1,W,shell,3,0,1.0,0,0.0,1,0,1,0,2,1,0,ranged,0.0,0,A:hit_W=3.0 / B:hit_W=3.0 / shell:hit_W=22.0,132.0,104.0,89.28,89.28,"{""A"":18.0,""B"":18.0,""shell"":60.0}","{""A"":2,""B"":2}",0
candidate_r26_m12,26,12,waste_taunt_on_both_rests,5,4,1,2,2,W,A,1,1,1.0,24,18.0,0,0,0,2,1,0,0,charge,0.0,0,B:heal_shell=0.0;charges=2 / shell:charge,104.0,104.0,89.28,89.28,"{""A"":0.0,""B"":18.0,""shell"":60.0}","{""A"":2,""B"":2}",0
candidate_r26_m12,26,12,waste_taunt_on_both_rests,5,4,1,3,3,M,B,1,1,1.0,25,18.0,0,0,0,1,0,0,0,melee,0.0,0,shell:hit_W=16.0,104.0,88.0,89.28,89.28,"{""A"":0.0,""B"":0.0,""shell"":60.0}","{""A"":2,""B"":2}",0
candidate_r26_m12,26,12,waste_taunt_on_both_rests,5,4,1,4,4,W,shell,1,1,1.0,19,19.0,1,0,0,0,2,0,0,rest,0.0,0,shell:rest,88.0,88.0,89.28,89.28,"{""A"":0.0,""B"":0.0,""shell"":41.0}","{""A"":2,""B"":2}",0
candidate_r26_m12,26,12,waste_taunt_on_both_rests,5,4,1,5,5,M,shell,1,1,1.0,22,22.0,0,0,0,2,1,0,0,ranged,0.0,0,shell:hit_M=23.0,88.0,88.0,89.28,66.28,"{""A"":0.0,""B"":0.0,""shell"":19.0}","{""A"":2,""B"":2}",0
candidate_r26_m12,26,12,waste_taunt_on_both_rests,5,4,1,6,6,M,shell,1,1,1.0,22,19.0,0,0,0,1,0,0,0,charge,0.0,0,,88.0,88.0,66.28,66.28,"{""A"":0.0,""B"":0.0,""shell"":0.0}","{""A"":2,""B"":2}",1
candidate_r26_m12,26,12,waste_taunt_on_both_rests,5,4,2,7,1,M,core,2,1,1.0,24,24.0,0,0,0,0,0,0,0,charge,0.0,0,soldier:charge / core:charge,88.0,88.0,66.28,66.28,"{""soldier"":20.0,""core"":66.0}",{},0
candidate_r26_m12,26,12,waste_taunt_on_both_rests,5,4,2,8,2,W,soldier,1,1,1.0,22,20.0,0,1,0,0,0,0,0,melee,0.0,0,core:hit_W=16.0,88.0,72.0,66.28,66.28,"{""soldier"":0.0,""core"":66.0}",{},0
candidate_r26_m12,26,12,waste_taunt_on_both_rests,5,4,2,9,3,W,core,1,1,1.25,28,28.0,1,0,0,0,2,0,0,rest,0.0,0,core:rest,72.0,72.0,66.28,66.28,"{""soldier"":0.0,""core"":38.0}",{},0
candidate_r26_m12,26,12,waste_taunt_on_both_rests,5,4,2,10,4,M,core,1,1,1.0,24,24.0,0,0,0,2,1,0,0,ranged,0.0,0,core:hit_M=23.0,72.0,72.0,66.28,43.28,"{""soldier"":0.0,""core"":14.0}",{},0
candidate_r26_m12,26,12,waste_taunt_on_both_rests,5,4,2,11,5,M,core,1,1,1.0,24,14.0,0,0,0,1,0,0,0,charge,0.0,0,,72.0,72.0,43.28,43.28,"{""soldier"":0.0,""core"":0.0}",{},1
candidate_r26_m12,26,12,miss_one_ranged_after_first_rest,5,4,1,1,1,W,shell,3,0,1.0,0,0.0,1,0,1,0,2,1,0,ranged,0.0,0,A:hit_W=3.0 / B:hit_W=3.0 / shell:hit_W=22.0,132.0,104.0,89.28,89.28,"{""A"":18.0,""B"":18.0,""shell"":60.0}","{""A"":2,""B"":2}",0
candidate_r26_m12,26,12,miss_one_ranged_after_first_rest,5,4,1,2,2,W,A,1,1,1.0,24,18.0,0,0,0,2,1,0,0,charge,0.0,0,B:heal_shell=0.0;charges=2 / shell:charge,104.0,104.0,89.28,89.28,"{""A"":0.0,""B"":18.0,""shell"":60.0}","{""A"":2,""B"":2}",0
candidate_r26_m12,26,12,miss_one_ranged_after_first_rest,5,4,1,3,3,M,B,1,1,1.0,25,18.0,0,0,0,1,0,0,0,melee,0.0,0,shell:hit_W=16.0,104.0,88.0,89.28,89.28,"{""A"":0.0,""B"":0.0,""shell"":60.0}","{""A"":2,""B"":2}",0
candidate_r26_m12,26,12,miss_one_ranged_after_first_rest,5,4,1,4,4,W,shell,1,1,1.0,19,19.0,1,0,0,0,2,0,0,rest,0.0,0,shell:rest,88.0,88.0,89.28,89.28,"{""A"":0.0,""B"":0.0,""shell"":41.0}","{""A"":2,""B"":2}",0
candidate_r26_m12,26,12,miss_one_ranged_after_first_rest,5,4,1,5,5,M,shell,1,1,1.0,22,22.0,0,0,0,2,1,0,0,ranged,0.0,0,shell:hit_M=23.0,88.0,88.0,89.28,66.28,"{""A"":0.0,""B"":0.0,""shell"":19.0}","{""A"":2,""B"":2}",0
candidate_r26_m12,26,12,miss_one_ranged_after_first_rest,5,4,1,6,6,M,shell,1,1,1.0,22,19.0,0,0,0,1,0,0,0,charge,0.0,0,,88.0,88.0,66.28,66.28,"{""A"":0.0,""B"":0.0,""shell"":0.0}","{""A"":2,""B"":2}",1
candidate_r26_m12,26,12,miss_one_ranged_after_first_rest,5,4,2,7,1,M,core,2,1,1.0,24,24.0,0,0,0,0,0,0,0,charge,0.0,0,soldier:charge / core:charge,88.0,88.0,66.28,66.28,"{""soldier"":20.0,""core"":66.0}",{},0
candidate_r26_m12,26,12,miss_one_ranged_after_first_rest,5,4,2,8,2,W,soldier,1,1,1.0,22,20.0,0,1,0,0,0,0,0,melee,0.0,0,core:hit_W=16.0,88.0,72.0,66.28,66.28,"{""soldier"":0.0,""core"":66.0}",{},0
candidate_r26_m12,26,12,miss_one_ranged_after_first_rest,5,4,2,9,3,M,core,1,1,1.25,30,30.0,0,0,0,0,0,0,0,rest,0.0,0,core:rest,72.0,72.0,66.28,66.28,"{""soldier"":0.0,""core"":36.0}",{},0
candidate_r26_m12,26,12,miss_one_ranged_after_first_rest,5,4,2,10,4,W,core,1,1,1.0,22,22.0,1,0,1,0,2,1,0,ranged,0.0,0,core:hit_W=22.0,72.0,50.0,66.28,66.28,"{""soldier"":0.0,""core"":14.0}",{},0
candidate_r26_m12,26,12,miss_one_ranged_after_first_rest,5,4,2,11,5,M,core,1,1,1.0,24,14.0,0,0,0,2,1,0,0,charge,0.0,0,,50.0,50.0,66.28,66.28,"{""soldier"":0.0,""core"":0.0}",{},1
candidate_r26_m12,26,12,no_taunt_clear_first,5,4,1,1,1,W,A,1,1,1.0,24,18.0,0,0,0,0,0,0,0,ranged,0.0,0,B:hit_W=3.0 / shell:hit_M=23.0,132.0,129.0,89.28,66.28,"{""A"":0.0,""B"":18.0,""shell"":60.0}","{""A"":2,""B"":2}",0
candidate_r26_m12,26,12,no_taunt_clear_first,5,4,1,2,2,M,B,1,1,1.0,25,18.0,0,0,0,0,0,0,0,charge,0.0,0,shell:charge,129.0,129.0,66.28,66.28,"{""A"":0.0,""B"":0.0,""shell"":60.0}","{""A"":2,""B"":2}",0
candidate_r26_m12,26,12,no_taunt_clear_first,5,4,1,3,3,M,shell,1,1,1.0,22,22.0,0,0,0,0,0,0,0,melee,0.0,0,shell:hit_W=16.0,129.0,113.0,66.28,66.28,"{""A"":0.0,""B"":0.0,""shell"":38.0}","{""A"":2,""B"":2}",0
candidate_r26_m12,26,12,no_taunt_clear_first,5,4,1,4,4,M,shell,1,1,1.0,22,22.0,0,0,0,0,0,0,0,rest,0.0,0,shell:rest,113.0,113.0,66.28,66.28,"{""A"":0.0,""B"":0.0,""shell"":16.0}","{""A"":2,""B"":2}",0
candidate_r26_m12,26,12,no_taunt_clear_first,5,4,1,5,5,W,shell,1,1,1.0,19,16.0,0,0,0,0,0,0,0,ranged,0.0,0,,113.0,113.0,66.28,66.28,"{""A"":0.0,""B"":0.0,""shell"":0.0}","{""A"":2,""B"":2}",1
candidate_r26_m12,26,12,no_taunt_clear_first,5,4,2,6,1,M,core,2,1,1.0,24,24.0,0,0,0,0,0,0,0,charge,0.0,0,soldier:charge / core:charge,113.0,113.0,66.28,66.28,"{""soldier"":20.0,""core"":66.0}",{},0
candidate_r26_m12,26,12,no_taunt_clear_first,5,4,2,7,2,W,soldier,1,1,1.0,22,20.0,0,0,0,0,0,0,0,melee,0.0,0,core:hit_W=16.0,113.0,97.0,66.28,66.28,"{""soldier"":0.0,""core"":66.0}",{},0
candidate_r26_m12,26,12,no_taunt_clear_first,5,4,2,8,3,M,core,1,1,1.25,30,30.0,0,0,0,0,0,0,0,rest,0.0,0,core:rest,97.0,97.0,66.28,66.28,"{""soldier"":0.0,""core"":36.0}",{},0
candidate_r26_m12,26,12,no_taunt_clear_first,5,4,2,9,4,W,core,1,1,1.0,22,22.0,0,0,0,0,0,0,0,ranged,0.0,0,core:hit_M=23.0,97.0,97.0,66.28,43.28,"{""soldier"":0.0,""core"":14.0}",{},0
candidate_r26_m12,26,12,no_taunt_clear_first,5,4,2,10,5,M,core,1,1,1.0,24,14.0,0,0,0,0,0,0,0,charge,0.0,0,,97.0,97.0,43.28,43.28,"{""soldier"":0.0,""core"":0.0}",{},1
candidate_r26_m12,26,12,full_health_retained_then_two_heals,5,3,1,1,1,W,shell,3,0,1.0,0,0.0,1,0,1,0,2,1,0,ranged,0.0,0,A:hit_W=3.0 / B:hit_W=3.0 / shell:hit_W=22.0,132.0,104.0,83.52,83.52,"{""A"":18.0,""B"":18.0,""shell"":60.0}","{""A"":2,""B"":2}",0
candidate_r26_m12,26,12,full_health_retained_then_two_heals,5,3,1,2,2,W,A,1,1,1.0,24,18.0,0,0,0,2,1,0,0,charge,0.0,0,B:heal_shell=0.0;charges=2 / shell:charge,104.0,104.0,83.52,83.52,"{""A"":0.0,""B"":18.0,""shell"":60.0}","{""A"":2,""B"":2}",0
candidate_r26_m12,26,12,full_health_retained_then_two_heals,5,3,1,3,3,M,shell,2,1,1.0,21,21.0,0,0,0,1,0,0,0,melee,0.0,0,B:hit_W=3.0 / shell:hit_W=16.0,104.0,85.0,83.52,83.52,"{""A"":0.0,""B"":18.0,""shell"":39.0}","{""A"":2,""B"":2}",0
candidate_r26_m12,26,12,full_health_retained_then_two_heals,5,3,1,4,4,M,shell,2,1,1.0,21,21.0,0,0,0,0,0,0,0,rest,6.0,1,B:heal_shell=6.0;charges=1 / shell:rest,85.0,85.0,83.52,83.52,"{""A"":0.0,""B"":18.0,""shell"":24.0}","{""A"":2,""B"":1}",0
candidate_r26_m12,26,12,full_health_retained_then_two_heals,5,3,1,5,5,W,shell,2,0,1.0,0,0.0,1,0,1,0,2,1,0,ranged,0.0,0,B:hit_W=3.0 / shell:hit_W=22.0,85.0,60.0,83.52,83.52,"{""A"":0.0,""B"":18.0,""shell"":24.0}","{""A"":2,""B"":1}",0
candidate_r26_m12,26,12,full_health_retained_then_two_heals,5,3,1,6,6,M,shell,2,1,1.0,21,21.0,0,0,0,2,1,0,0,charge,6.0,1,B:heal_shell=6.0;charges=0 / shell:charge,60.0,60.0,83.52,83.52,"{""A"":0.0,""B"":18.0,""shell"":9.0}","{""A"":2,""B"":0}",0
candidate_r26_m12,26,12,full_health_retained_then_two_heals,5,3,1,7,7,W,B,1,1,1.0,24,18.0,0,0,0,1,0,0,0,melee,0.0,0,shell:hit_W=16.0,60.0,44.0,83.52,83.52,"{""A"":0.0,""B"":0.0,""shell"":9.0}","{""A"":2,""B"":0}",0
candidate_r26_m12,26,12,full_health_retained_then_two_heals,5,3,1,8,8,M,shell,1,1,1.0,21,9.0,0,0,0,0,0,0,0,rest,0.0,0,,44.0,44.0,83.52,83.52,"{""A"":0.0,""B"":0.0,""shell"":0.0}","{""A"":2,""B"":0}",1
candidate_r26_m12,26,12,full_health_retained_then_two_heals,5,3,2,9,1,M,core,2,1,1.0,23,23.0,0,0,0,0,0,0,0,charge,0.0,0,soldier:charge / core:charge,44.0,44.0,83.52,83.52,"{""soldier"":20.0,""core"":67.0}",{},0
candidate_r26_m12,26,12,full_health_retained_then_two_heals,5,3,2,10,2,W,soldier,1,1,1.0,22,20.0,0,1,0,0,0,0,0,melee,0.0,0,core:hit_W=16.0,44.0,28.0,83.52,83.52,"{""soldier"":0.0,""core"":67.0}",{},0
candidate_r26_m12,26,12,full_health_retained_then_two_heals,5,3,2,11,3,M,core,1,1,1.25,29,29.0,0,0,0,0,0,0,0,rest,0.0,0,core:rest,28.0,28.0,83.52,83.52,"{""soldier"":0.0,""core"":38.0}",{},0
candidate_r26_m12,26,12,full_health_retained_then_two_heals,5,3,2,12,4,W,core,1,1,1.0,22,22.0,1,0,1,0,2,1,0,ranged,0.0,0,core:hit_W=22.0,28.0,6.0,83.52,83.52,"{""soldier"":0.0,""core"":16.0}",{},0
candidate_r26_m12,26,12,full_health_retained_then_two_heals,5,3,2,13,5,M,core,1,1,1.0,23,16.0,0,0,0,2,1,0,0,charge,0.0,0,,6.0,6.0,83.52,83.52,"{""soldier"":0.0,""core"":0.0}",{},1
candidate_r26_m12,26,12,kill_shell_before_winding,5,4,1,1,1,W,shell,3,0,1.0,0,0.0,1,0,1,0,2,1,0,ranged,0.0,0,A:hit_W=3.0 / B:hit_W=3.0 / shell:hit_W=22.0,132.0,104.0,89.28,89.28,"{""A"":18.0,""B"":18.0,""shell"":60.0}","{""A"":2,""B"":2}",0
candidate_r26_m12,26,12,kill_shell_before_winding,5,4,1,2,2,W,A,1,1,1.0,24,18.0,0,0,0,2,1,0,0,charge,0.0,0,B:heal_shell=0.0;charges=2 / shell:charge,104.0,104.0,89.28,89.28,"{""A"":0.0,""B"":18.0,""shell"":60.0}","{""A"":2,""B"":2}",0
candidate_r26_m12,26,12,kill_shell_before_winding,5,4,1,3,3,M,shell,2,1,1.0,22,22.0,0,0,0,1,0,0,0,melee,0.0,0,B:hit_W=3.0 / shell:hit_W=16.0,104.0,85.0,89.28,89.28,"{""A"":0.0,""B"":18.0,""shell"":38.0}","{""A"":2,""B"":2}",0
candidate_r26_m12,26,12,kill_shell_before_winding,5,4,1,4,4,M,shell,2,1,1.0,22,22.0,0,0,0,0,0,0,0,rest,6.0,1,B:heal_shell=6.0;charges=1 / shell:rest,85.0,85.0,89.28,89.28,"{""A"":0.0,""B"":18.0,""shell"":22.0}","{""A"":2,""B"":1}",0
candidate_r26_m12,26,12,kill_shell_before_winding,5,4,1,5,5,W,shell,2,0,1.0,0,0.0,1,0,1,0,2,1,0,ranged,0.0,0,B:hit_W=3.0 / shell:hit_W=22.0,85.0,60.0,89.28,89.28,"{""A"":0.0,""B"":18.0,""shell"":22.0}","{""A"":2,""B"":1}",0
candidate_r26_m12,26,12,kill_shell_before_winding,5,4,1,6,6,M,shell,2,1,1.0,22,22.0,0,0,0,2,1,0,0,charge,0.0,0,B:heal_shell=0.0;charges=1,60.0,60.0,89.28,89.28,"{""A"":0.0,""B"":18.0,""shell"":0.0}","{""A"":2,""B"":1}",0
candidate_r26_m12,26,12,kill_shell_before_winding,5,4,1,7,7,W,B,1,1,1.0,24,18.0,0,0,0,1,0,0,0,melee,0.0,0,,60.0,60.0,89.28,89.28,"{""A"":0.0,""B"":0.0,""shell"":0.0}","{""A"":2,""B"":1}",1
candidate_r26_m12,26,12,kill_shell_before_winding,5,4,2,8,1,M,core,2,1,1.0,24,24.0,0,0,0,0,0,0,0,charge,0.0,0,soldier:charge / core:charge,60.0,60.0,89.28,89.28,"{""soldier"":20.0,""core"":66.0}",{},0
candidate_r26_m12,26,12,kill_shell_before_winding,5,4,2,9,2,W,soldier,1,1,1.0,22,20.0,0,1,0,0,0,0,0,melee,0.0,0,core:hit_W=16.0,60.0,44.0,89.28,89.28,"{""soldier"":0.0,""core"":66.0}",{},0
candidate_r26_m12,26,12,kill_shell_before_winding,5,4,2,10,3,M,core,1,1,1.25,30,30.0,0,0,0,0,0,0,0,rest,0.0,0,core:rest,44.0,44.0,89.28,89.28,"{""soldier"":0.0,""core"":36.0}",{},0
candidate_r26_m12,26,12,kill_shell_before_winding,5,4,2,11,4,W,core,1,1,1.0,22,22.0,1,0,1,0,2,1,0,ranged,0.0,0,core:hit_W=22.0,44.0,22.0,89.28,89.28,"{""soldier"":0.0,""core"":14.0}",{},0
candidate_r26_m12,26,12,kill_shell_before_winding,5,4,2,12,5,M,core,1,1,1.0,24,14.0,0,0,0,2,1,0,0,charge,0.0,0,,22.0,22.0,89.28,89.28,"{""soldier"":0.0,""core"":0.0}",{},1
