ranged_attack,warrior_level,mage_level,plan,result,actions,w_hp,m_hp,reason
22,4,3,clear_first_correct_taunt,both_alive,11,29.0,83.52,
22,4,3,no_taunt_clear_first,both_alive,10,89.0,43.52,
22,4,4,clear_first_correct_taunt,both_alive,11,29.0,89.28,
22,4,4,no_taunt_clear_first,both_alive,10,89.0,49.28,
22,4,5,clear_first_correct_taunt,both_alive,11,29.0,95.04,
22,4,5,no_taunt_clear_first,both_alive,10,89.0,55.04,
22,5,3,clear_first_correct_taunt,both_alive,11,40.0,83.52,
22,5,3,no_taunt_clear_first,both_alive,10,97.0,43.52,
22,5,4,clear_first_correct_taunt,both_alive,11,40.0,89.28,
22,5,4,no_taunt_clear_first,both_alive,10,97.0,49.28,
22,5,5,clear_first_correct_taunt,both_alive,11,40.0,95.04,
22,5,5,no_taunt_clear_first,both_alive,10,97.0,55.04,
22,6,3,clear_first_correct_taunt,both_alive,11,48.0,83.52,
22,6,3,no_taunt_clear_first,both_alive,10,105.0,43.52,
22,6,4,clear_first_correct_taunt,both_alive,11,48.0,89.28,
22,6,4,no_taunt_clear_first,both_alive,10,105.0,49.28,
22,6,5,clear_first_correct_taunt,both_alive,11,48.0,95.04,
22,6,5,no_taunt_clear_first,both_alive,10,105.0,55.04,
26,4,3,clear_first_correct_taunt,both_alive,11,20.0,83.52,
26,4,3,no_taunt_clear_first,both_alive,10,89.0,35.52,
26,4,4,clear_first_correct_taunt,both_alive,11,20.0,89.28,
26,4,4,no_taunt_clear_first,both_alive,10,89.0,43.28,
26,4,5,clear_first_correct_taunt,both_alive,11,20.0,95.04,
26,4,5,no_taunt_clear_first,both_alive,10,89.0,49.04,
26,5,3,clear_first_correct_taunt,both_alive,11,28.0,83.52,
26,5,3,no_taunt_clear_first,both_alive,10,97.0,35.52,
26,5,4,clear_first_correct_taunt,both_alive,11,28.0,89.28,
26,5,4,no_taunt_clear_first,both_alive,10,97.0,43.28,
26,5,5,clear_first_correct_taunt,both_alive,11,28.0,95.04,
26,5,5,no_taunt_clear_first,both_alive,10,97.0,49.04,
26,6,3,clear_first_correct_taunt,both_alive,11,36.0,83.52,
26,6,3,no_taunt_clear_first,both_alive,10,105.0,35.52,
26,6,4,clear_first_correct_taunt,both_alive,11,36.0,89.28,
26,6,4,no_taunt_clear_first,both_alive,10,105.0,43.28,
26,6,5,clear_first_correct_taunt,both_alive,11,36.0,95.04,
26,6,5,no_taunt_clear_first,both_alive,10,105.0,49.04,
30,4,3,clear_first_correct_taunt,both_alive,11,8.0,83.52,
30,4,3,no_taunt_clear_first,both_alive,10,89.0,27.52,
30,4,4,clear_first_correct_taunt,both_alive,11,8.0,89.28,
30,4,4,no_taunt_clear_first,both_alive,10,89.0,35.28,
30,4,5,clear_first_correct_taunt,both_alive,11,8.0,95.04,
30,4,5,no_taunt_clear_first,both_alive,10,89.0,41.04,
30,5,3,clear_first_correct_taunt,both_alive,11,19.0,83.52,
30,5,3,no_taunt_clear_first,both_alive,10,97.0,27.52,
30,5,4,clear_first_correct_taunt,both_alive,11,19.0,89.28,
30,5,4,no_taunt_clear_first,both_alive,10,97.0,35.28,
30,5,5,clear_first_correct_taunt,both_alive,11,19.0,95.04,
30,5,5,no_taunt_clear_first,both_alive,10,97.0,41.04,
30,6,3,clear_first_correct_taunt,both_alive,11,27.0,83.52,
30,6,3,no_taunt_clear_first,both_alive,10,105.0,27.52,
30,6,4,clear_first_correct_taunt,both_alive,11,27.0,89.28,
30,6,4,no_taunt_clear_first,both_alive,10,105.0,35.28,
30,6,5,clear_first_correct_taunt,both_alive,11,27.0,95.04,
30,6,5,no_taunt_clear_first,both_alive,10,105.0,41.04,
