check,passed,detail
mage_after_stage8,True,No stage-8 retroactive XP
warrior_level5_by_proof,True,"Standard first entry16, no ads/cards/replay farming"
proofs_only_at_entry16_and_first_clear16,True,Two generic proofs; entry and whole-encounter victory are distinct events
learn_before_battle,True,Explicit confirmation and explanation represented as completed; persistence not implemented
manual_card_at_entry16,True,W4+157 / 165 -> explicit 50 XP card -> W5+42 before learning
counterfactual_not_approved_entry,True,Numerical no-taunt comparisons do not authorize skipping the tutorial
boss_standard,True,11 actions; W28; M89.28
phase_continuity,True,Flip preserves HP and CD
cast_round_cd,True,No decrement on cast action
kill_saves_cd,True,Killing soldier does not spend ready taunt
full_health_keeps_charge,True,"{'healed': 0.0, 'hp': 60.0, 'charges': 2}"
dead_stays_dead,True,"{'healed': 0.0, 'hp': 0.0, 'charges': 2}"
two_healers_no_waste,True,"{'initial_hp': 54, 'a_healed': 6.0, 'b_healed': 0.0, 'final_hp': 60.0, 'a_charges': 1, 'b_charges': 2}"
board_1_1_A,True,"Inside grid, adjacent, simple, disjoint default route"
board_1_1_B,True,"Inside grid, adjacent, simple, disjoint default route"
board_2_1_A,True,"Inside grid, adjacent, simple, disjoint default route"
board_2_1_B,True,"Inside grid, adjacent, simple, disjoint default route"
board_3_1_A,True,"Inside grid, adjacent, simple, disjoint default route"
board_3_1_B,True,"Inside grid, adjacent, simple, disjoint default route"
board_4_1_A,True,"Inside grid, adjacent, simple, disjoint default route"
board_4_1_B,True,"Inside grid, adjacent, simple, disjoint default route"
board_4_1_C,True,"Inside grid, adjacent, simple, disjoint default route"
board_5_1_A,True,"Inside grid, adjacent, simple, disjoint default route"
board_5_1_B,True,"Inside grid, adjacent, simple, disjoint default route"
board_5_1_C,True,"Inside grid, adjacent, simple, disjoint default route"
board_6_1_A,True,"Inside grid, adjacent, simple, disjoint default route"
board_6_1_B,True,"Inside grid, adjacent, simple, disjoint default route"
board_6_1_C,True,"Inside grid, adjacent, simple, disjoint default route"
board_7_1_A,True,"Inside grid, adjacent, simple, disjoint default route"
board_7_1_B,True,"Inside grid, adjacent, simple, disjoint default route"
board_7_1_C,True,"Inside grid, adjacent, simple, disjoint default route"
board_8_1_A,True,"Inside grid, adjacent, simple, disjoint default route"
board_8_1_B,True,"Inside grid, adjacent, simple, disjoint default route"
board_8_1_C,True,"Inside grid, adjacent, simple, disjoint default route"
board_9_1_A,True,"Inside grid, adjacent, simple, disjoint default route"
board_9_1_B,True,"Inside grid, adjacent, simple, disjoint default route"
board_9_1_C,True,"Inside grid, adjacent, simple, disjoint default route"
board_10_1_A,True,"Inside grid, adjacent, simple, disjoint default route"
board_10_1_B,True,"Inside grid, adjacent, simple, disjoint default route"
board_10_1_C,True,"Inside grid, adjacent, simple, disjoint default route"
board_11_1_A,True,"Inside grid, adjacent, simple, disjoint default route"
board_11_1_B,True,"Inside grid, adjacent, simple, disjoint default route"
board_11_1_C,True,"Inside grid, adjacent, simple, disjoint default route"
board_12_1_A,True,"Inside grid, adjacent, simple, disjoint default route"
board_12_1_B,True,"Inside grid, adjacent, simple, disjoint default route"
board_12_1_C,True,"Inside grid, adjacent, simple, disjoint default route"
board_13_1_A,True,"Inside grid, adjacent, simple, disjoint default route"
board_13_1_B,True,"Inside grid, adjacent, simple, disjoint default route"
board_13_1_C,True,"Inside grid, adjacent, simple, disjoint default route"
board_14_1_A,True,"Inside grid, adjacent, simple, disjoint default route"
board_14_1_B,True,"Inside grid, adjacent, simple, disjoint default route"
board_14_1_C,True,"Inside grid, adjacent, simple, disjoint default route"
board_15_1_A,True,"Inside grid, adjacent, simple, disjoint default route"
board_15_1_B,True,"Inside grid, adjacent, simple, disjoint default route"
board_15_1_C,True,"Inside grid, adjacent, simple, disjoint default route"
board_16_1_A,True,"Inside grid, adjacent, simple, disjoint default route"
board_16_1_B,True,"Inside grid, adjacent, simple, disjoint default route"
board_16_1_shell,True,"Inside grid, adjacent, simple, disjoint default route"
board_16_2_soldier,True,"Inside grid, adjacent, simple, disjoint default route"
board_16_2_core,True,"Inside grid, adjacent, simple, disjoint default route"
normal_route_guided_no_ads_no_cards_1_1,True,Reference combat action has a disjoint default route
normal_route_guided_no_ads_no_cards_1_2,True,Reference combat action has a disjoint default route
normal_route_guided_no_ads_no_cards_2_1,True,Reference combat action has a disjoint default route
normal_route_guided_no_ads_no_cards_2_2,True,Reference combat action has a disjoint default route
normal_route_guided_no_ads_no_cards_3_1,True,Reference combat action has a disjoint default route
normal_route_guided_no_ads_no_cards_3_2,True,Reference combat action has a disjoint default route
normal_route_guided_no_ads_no_cards_3_3,True,Reference combat action has a disjoint default route
normal_route_guided_no_ads_no_cards_4_1,True,Reference combat action has a disjoint default route
normal_route_guided_no_ads_no_cards_4_2,True,Reference combat action has a disjoint default route
normal_route_guided_no_ads_no_cards_4_3,True,Reference combat action has a disjoint default route
normal_route_guided_no_ads_no_cards_4_4,True,Reference combat action has a disjoint default route
normal_route_guided_no_ads_no_cards_5_1,True,Reference combat action has a disjoint default route
normal_route_guided_no_ads_no_cards_5_2,True,Reference combat action has a disjoint default route
normal_route_guided_no_ads_no_cards_5_3,True,Reference combat action has a disjoint default route
normal_route_guided_no_ads_no_cards_5_4,True,Reference combat action has a disjoint default route
normal_route_guided_no_ads_no_cards_6_1,True,Reference combat action has a disjoint default route
normal_route_guided_no_ads_no_cards_6_2,True,Reference combat action has a disjoint default route
normal_route_guided_no_ads_no_cards_6_3,True,Reference combat action has a disjoint default route
normal_route_guided_no_ads_no_cards_6_4,True,Reference combat action has a disjoint default route
normal_route_guided_no_ads_no_cards_7_1,True,Reference combat action has a disjoint default route
normal_route_guided_no_ads_no_cards_7_2,True,Reference combat action has a disjoint default route
normal_route_guided_no_ads_no_cards_7_3,True,Reference combat action has a disjoint default route
normal_route_guided_no_ads_no_cards_7_4,True,Reference combat action has a disjoint default route
normal_route_guided_no_ads_no_cards_7_5,True,Reference combat action has a disjoint default route
normal_route_guided_no_ads_no_cards_8_1,True,Reference combat action has a disjoint default route
normal_route_guided_no_ads_no_cards_8_2,True,Reference combat action has a disjoint default route
normal_route_guided_no_ads_no_cards_8_3,True,Reference combat action has a disjoint default route
normal_route_guided_no_ads_no_cards_8_4,True,Reference combat action has a disjoint default route
normal_route_guided_no_ads_no_cards_8_5,True,Reference combat action has a disjoint default route
normal_route_guided_no_ads_no_cards_8_6,True,Reference combat action has a disjoint default route
normal_route_guided_no_ads_no_cards_9_1,True,Reference combat action has a disjoint default route
normal_route_guided_no_ads_no_cards_9_2,True,Reference combat action has a disjoint default route
normal_route_guided_no_ads_no_cards_9_3,True,Reference combat action has a disjoint default route
normal_route_guided_no_ads_no_cards_10_1,True,Reference combat action has a disjoint default route
normal_route_guided_no_ads_no_cards_10_2,True,Reference combat action has a disjoint default route
normal_route_guided_no_ads_no_cards_10_3,True,Reference combat action has a disjoint default route
normal_route_guided_no_ads_no_cards_11_1,True,Reference combat action has a disjoint default route
normal_route_guided_no_ads_no_cards_11_2,True,Reference combat action has a disjoint default route
normal_route_guided_no_ads_no_cards_11_3,True,Reference combat action has a disjoint default route
normal_route_guided_no_ads_no_cards_12_1,True,Reference combat action has a disjoint default route
normal_route_guided_no_ads_no_cards_12_2,True,Reference combat action has a disjoint default route
normal_route_guided_no_ads_no_cards_12_3,True,Reference combat action has a disjoint default route
normal_route_guided_no_ads_no_cards_12_4,True,Reference combat action has a disjoint default route
normal_route_guided_no_ads_no_cards_13_1,True,Reference combat action has a disjoint default route
normal_route_guided_no_ads_no_cards_13_2,True,Reference combat action has a disjoint default route
normal_route_guided_no_ads_no_cards_13_3,True,Reference combat action has a disjoint default route
normal_route_guided_no_ads_no_cards_14_1,True,Reference combat action has a disjoint default route
normal_route_guided_no_ads_no_cards_14_2,True,Reference combat action has a disjoint default route
normal_route_guided_no_ads_no_cards_14_3,True,Reference combat action has a disjoint default route
normal_route_guided_no_ads_no_cards_14_4,True,Reference combat action has a disjoint default route
normal_route_guided_no_ads_no_cards_15_1,True,Reference combat action has a disjoint default route
normal_route_guided_no_ads_no_cards_15_2,True,Reference combat action has a disjoint default route
normal_route_guided_no_ads_no_cards_15_3,True,Reference combat action has a disjoint default route
normal_route_mage_heavy_no_cards_1_1,True,Reference combat action has a disjoint default route
normal_route_mage_heavy_no_cards_1_2,True,Reference combat action has a disjoint default route
normal_route_mage_heavy_no_cards_2_1,True,Reference combat action has a disjoint default route
normal_route_mage_heavy_no_cards_2_2,True,Reference combat action has a disjoint default route
normal_route_mage_heavy_no_cards_3_1,True,Reference combat action has a disjoint default route
normal_route_mage_heavy_no_cards_3_2,True,Reference combat action has a disjoint default route
normal_route_mage_heavy_no_cards_3_3,True,Reference combat action has a disjoint default route
normal_route_mage_heavy_no_cards_4_1,True,Reference combat action has a disjoint default route
normal_route_mage_heavy_no_cards_4_2,True,Reference combat action has a disjoint default route
normal_route_mage_heavy_no_cards_4_3,True,Reference combat action has a disjoint default route
normal_route_mage_heavy_no_cards_4_4,True,Reference combat action has a disjoint default route
normal_route_mage_heavy_no_cards_5_1,True,Reference combat action has a disjoint default route
normal_route_mage_heavy_no_cards_5_2,True,Reference combat action has a disjoint default route
normal_route_mage_heavy_no_cards_5_3,True,Reference combat action has a disjoint default route
normal_route_mage_heavy_no_cards_5_4,True,Reference combat action has a disjoint default route
normal_route_mage_heavy_no_cards_6_1,True,Reference combat action has a disjoint default route
normal_route_mage_heavy_no_cards_6_2,True,Reference combat action has a disjoint default route
normal_route_mage_heavy_no_cards_6_3,True,Reference combat action has a disjoint default route
normal_route_mage_heavy_no_cards_6_4,True,Reference combat action has a disjoint default route
normal_route_mage_heavy_no_cards_7_1,True,Reference combat action has a disjoint default route
normal_route_mage_heavy_no_cards_7_2,True,Reference combat action has a disjoint default route
normal_route_mage_heavy_no_cards_7_3,True,Reference combat action has a disjoint default route
normal_route_mage_heavy_no_cards_7_4,True,Reference combat action has a disjoint default route
normal_route_mage_heavy_no_cards_7_5,True,Reference combat action has a disjoint default route
normal_route_mage_heavy_no_cards_8_1,True,Reference combat action has a disjoint default route
normal_route_mage_heavy_no_cards_8_2,True,Reference combat action has a disjoint default route
normal_route_mage_heavy_no_cards_8_3,True,Reference combat action has a disjoint default route
normal_route_mage_heavy_no_cards_8_4,True,Reference combat action has a disjoint default route
normal_route_mage_heavy_no_cards_8_5,True,Reference combat action has a disjoint default route
normal_route_mage_heavy_no_cards_8_6,True,Reference combat action has a disjoint default route
normal_route_mage_heavy_no_cards_9_1,True,Reference combat action has a disjoint default route
normal_route_mage_heavy_no_cards_9_2,True,Reference combat action has a disjoint default route
normal_route_mage_heavy_no_cards_9_3,True,Reference combat action has a disjoint default route
normal_route_mage_heavy_no_cards_10_1,True,Reference combat action has a disjoint default route
normal_route_mage_heavy_no_cards_10_2,True,Reference combat action has a disjoint default route
normal_route_mage_heavy_no_cards_10_3,True,Reference combat action has a disjoint default route
normal_route_mage_heavy_no_cards_11_1,True,Reference combat action has a disjoint default route
normal_route_mage_heavy_no_cards_11_2,True,Reference combat action has a disjoint default route
normal_route_mage_heavy_no_cards_11_3,True,Reference combat action has a disjoint default route
normal_route_mage_heavy_no_cards_12_1,True,Reference combat action has a disjoint default route
normal_route_mage_heavy_no_cards_12_2,True,Reference combat action has a disjoint default route
normal_route_mage_heavy_no_cards_12_3,True,Reference combat action has a disjoint default route
normal_route_mage_heavy_no_cards_12_4,True,Reference combat action has a disjoint default route
normal_route_mage_heavy_no_cards_13_1,True,Reference combat action has a disjoint default route
normal_route_mage_heavy_no_cards_13_2,True,Reference combat action has a disjoint default route
normal_route_mage_heavy_no_cards_13_3,True,Reference combat action has a disjoint default route
normal_route_mage_heavy_no_cards_14_1,True,Reference combat action has a disjoint default route
normal_route_mage_heavy_no_cards_14_2,True,Reference combat action has a disjoint default route
normal_route_mage_heavy_no_cards_14_3,True,Reference combat action has a disjoint default route
normal_route_mage_heavy_no_cards_15_1,True,Reference combat action has a disjoint default route
normal_route_mage_heavy_no_cards_15_2,True,Reference combat action has a disjoint default route
normal_route_mage_heavy_no_cards_15_3,True,Reference combat action has a disjoint default route
normal_route_mage_heavy_manual_one_card_1_1,True,Reference combat action has a disjoint default route
normal_route_mage_heavy_manual_one_card_1_2,True,Reference combat action has a disjoint default route
normal_route_mage_heavy_manual_one_card_2_1,True,Reference combat action has a disjoint default route
normal_route_mage_heavy_manual_one_card_2_2,True,Reference combat action has a disjoint default route
normal_route_mage_heavy_manual_one_card_3_1,True,Reference combat action has a disjoint default route
normal_route_mage_heavy_manual_one_card_3_2,True,Reference combat action has a disjoint default route
normal_route_mage_heavy_manual_one_card_3_3,True,Reference combat action has a disjoint default route
normal_route_mage_heavy_manual_one_card_4_1,True,Reference combat action has a disjoint default route
normal_route_mage_heavy_manual_one_card_4_2,True,Reference combat action has a disjoint default route
normal_route_mage_heavy_manual_one_card_4_3,True,Reference combat action has a disjoint default route
normal_route_mage_heavy_manual_one_card_4_4,True,Reference combat action has a disjoint default route
normal_route_mage_heavy_manual_one_card_5_1,True,Reference combat action has a disjoint default route
normal_route_mage_heavy_manual_one_card_5_2,True,Reference combat action has a disjoint default route
normal_route_mage_heavy_manual_one_card_5_3,True,Reference combat action has a disjoint default route
normal_route_mage_heavy_manual_one_card_5_4,True,Reference combat action has a disjoint default route
normal_route_mage_heavy_manual_one_card_6_1,True,Reference combat action has a disjoint default route
normal_route_mage_heavy_manual_one_card_6_2,True,Reference combat action has a disjoint default route
normal_route_mage_heavy_manual_one_card_6_3,True,Reference combat action has a disjoint default route
normal_route_mage_heavy_manual_one_card_6_4,True,Reference combat action has a disjoint default route
normal_route_mage_heavy_manual_one_card_7_1,True,Reference combat action has a disjoint default route
normal_route_mage_heavy_manual_one_card_7_2,True,Reference combat action has a disjoint default route
normal_route_mage_heavy_manual_one_card_7_3,True,Reference combat action has a disjoint default route
normal_route_mage_heavy_manual_one_card_7_4,True,Reference combat action has a disjoint default route
normal_route_mage_heavy_manual_one_card_7_5,True,Reference combat action has a disjoint default route
normal_route_mage_heavy_manual_one_card_8_1,True,Reference combat action has a disjoint default route
normal_route_mage_heavy_manual_one_card_8_2,True,Reference combat action has a disjoint default route
normal_route_mage_heavy_manual_one_card_8_3,True,Reference combat action has a disjoint default route
normal_route_mage_heavy_manual_one_card_8_4,True,Reference combat action has a disjoint default route
normal_route_mage_heavy_manual_one_card_8_5,True,Reference combat action has a disjoint default route
normal_route_mage_heavy_manual_one_card_8_6,True,Reference combat action has a disjoint default route
normal_route_mage_heavy_manual_one_card_9_1,True,Reference combat action has a disjoint default route
normal_route_mage_heavy_manual_one_card_9_2,True,Reference combat action has a disjoint default route
normal_route_mage_heavy_manual_one_card_9_3,True,Reference combat action has a disjoint default route
normal_route_mage_heavy_manual_one_card_10_1,True,Reference combat action has a disjoint default route
normal_route_mage_heavy_manual_one_card_10_2,True,Reference combat action has a disjoint default route
normal_route_mage_heavy_manual_one_card_10_3,True,Reference combat action has a disjoint default route
normal_route_mage_heavy_manual_one_card_11_1,True,Reference combat action has a disjoint default route
normal_route_mage_heavy_manual_one_card_11_2,True,Reference combat action has a disjoint default route
normal_route_mage_heavy_manual_one_card_11_3,True,Reference combat action has a disjoint default route
normal_route_mage_heavy_manual_one_card_12_1,True,Reference combat action has a disjoint default route
normal_route_mage_heavy_manual_one_card_12_2,True,Reference combat action has a disjoint default route
normal_route_mage_heavy_manual_one_card_12_3,True,Reference combat action has a disjoint default route
normal_route_mage_heavy_manual_one_card_12_4,True,Reference combat action has a disjoint default route
normal_route_mage_heavy_manual_one_card_13_1,True,Reference combat action has a disjoint default route
normal_route_mage_heavy_manual_one_card_13_2,True,Reference combat action has a disjoint default route
normal_route_mage_heavy_manual_one_card_13_3,True,Reference combat action has a disjoint default route
normal_route_mage_heavy_manual_one_card_14_1,True,Reference combat action has a disjoint default route
normal_route_mage_heavy_manual_one_card_14_2,True,Reference combat action has a disjoint default route
normal_route_mage_heavy_manual_one_card_14_3,True,Reference combat action has a disjoint default route
normal_route_mage_heavy_manual_one_card_15_1,True,Reference combat action has a disjoint default route
normal_route_mage_heavy_manual_one_card_15_2,True,Reference combat action has a disjoint default route
normal_route_mage_heavy_manual_one_card_15_3,True,Reference combat action has a disjoint default route
normal_route_guided_proof_saved_1_1,True,Reference combat action has a disjoint default route
normal_route_guided_proof_saved_1_2,True,Reference combat action has a disjoint default route
normal_route_guided_proof_saved_2_1,True,Reference combat action has a disjoint default route
normal_route_guided_proof_saved_2_2,True,Reference combat action has a disjoint default route
normal_route_guided_proof_saved_3_1,True,Reference combat action has a disjoint default route
normal_route_guided_proof_saved_3_2,True,Reference combat action has a disjoint default route
normal_route_guided_proof_saved_3_3,True,Reference combat action has a disjoint default route
normal_route_guided_proof_saved_4_1,True,Reference combat action has a disjoint default route
normal_route_guided_proof_saved_4_2,True,Reference combat action has a disjoint default route
normal_route_guided_proof_saved_4_3,True,Reference combat action has a disjoint default route
normal_route_guided_proof_saved_4_4,True,Reference combat action has a disjoint default route
normal_route_guided_proof_saved_5_1,True,Reference combat action has a disjoint default route
normal_route_guided_proof_saved_5_2,True,Reference combat action has a disjoint default route
normal_route_guided_proof_saved_5_3,True,Reference combat action has a disjoint default route
normal_route_guided_proof_saved_5_4,True,Reference combat action has a disjoint default route
normal_route_guided_proof_saved_6_1,True,Reference combat action has a disjoint default route
normal_route_guided_proof_saved_6_2,True,Reference combat action has a disjoint default route
normal_route_guided_proof_saved_6_3,True,Reference combat action has a disjoint default route
normal_route_guided_proof_saved_6_4,True,Reference combat action has a disjoint default route
normal_route_guided_proof_saved_7_1,True,Reference combat action has a disjoint default route
normal_route_guided_proof_saved_7_2,True,Reference combat action has a disjoint default route
normal_route_guided_proof_saved_7_3,True,Reference combat action has a disjoint default route
normal_route_guided_proof_saved_7_4,True,Reference combat action has a disjoint default route
normal_route_guided_proof_saved_7_5,True,Reference combat action has a disjoint default route
normal_route_guided_proof_saved_8_1,True,Reference combat action has a disjoint default route
normal_route_guided_proof_saved_8_2,True,Reference combat action has a disjoint default route
normal_route_guided_proof_saved_8_3,True,Reference combat action has a disjoint default route
normal_route_guided_proof_saved_8_4,True,Reference combat action has a disjoint default route
normal_route_guided_proof_saved_8_5,True,Reference combat action has a disjoint default route
normal_route_guided_proof_saved_8_6,True,Reference combat action has a disjoint default route
normal_route_guided_proof_saved_9_1,True,Reference combat action has a disjoint default route
normal_route_guided_proof_saved_9_2,True,Reference combat action has a disjoint default route
normal_route_guided_proof_saved_9_3,True,Reference combat action has a disjoint default route
normal_route_guided_proof_saved_10_1,True,Reference combat action has a disjoint default route
normal_route_guided_proof_saved_10_2,True,Reference combat action has a disjoint default route
normal_route_guided_proof_saved_10_3,True,Reference combat action has a disjoint default route
normal_route_guided_proof_saved_11_1,True,Reference combat action has a disjoint default route
normal_route_guided_proof_saved_11_2,True,Reference combat action has a disjoint default route
normal_route_guided_proof_saved_11_3,True,Reference combat action has a disjoint default route
normal_route_guided_proof_saved_12_1,True,Reference combat action has a disjoint default route
normal_route_guided_proof_saved_12_2,True,Reference combat action has a disjoint default route
normal_route_guided_proof_saved_12_3,True,Reference combat action has a disjoint default route
normal_route_guided_proof_saved_12_4,True,Reference combat action has a disjoint default route
normal_route_guided_proof_saved_13_1,True,Reference combat action has a disjoint default route
normal_route_guided_proof_saved_13_2,True,Reference combat action has a disjoint default route
normal_route_guided_proof_saved_13_3,True,Reference combat action has a disjoint default route
normal_route_guided_proof_saved_14_1,True,Reference combat action has a disjoint default route
normal_route_guided_proof_saved_14_2,True,Reference combat action has a disjoint default route
normal_route_guided_proof_saved_14_3,True,Reference combat action has a disjoint default route
normal_route_guided_proof_saved_14_4,True,Reference combat action has a disjoint default route
normal_route_guided_proof_saved_15_1,True,Reference combat action has a disjoint default route
normal_route_guided_proof_saved_15_2,True,Reference combat action has a disjoint default route
normal_route_guided_proof_saved_15_3,True,Reference combat action has a disjoint default route
normal_route_every_win_reward_2_5_no_cards_1_1,True,Reference combat action has a disjoint default route
normal_route_every_win_reward_2_5_no_cards_1_2,True,Reference combat action has a disjoint default route
normal_route_every_win_reward_2_5_no_cards_2_1,True,Reference combat action has a disjoint default route
normal_route_every_win_reward_2_5_no_cards_2_2,True,Reference combat action has a disjoint default route
normal_route_every_win_reward_2_5_no_cards_3_1,True,Reference combat action has a disjoint default route
normal_route_every_win_reward_2_5_no_cards_3_2,True,Reference combat action has a disjoint default route
normal_route_every_win_reward_2_5_no_cards_3_3,True,Reference combat action has a disjoint default route
normal_route_every_win_reward_2_5_no_cards_4_1,True,Reference combat action has a disjoint default route
normal_route_every_win_reward_2_5_no_cards_4_2,True,Reference combat action has a disjoint default route
normal_route_every_win_reward_2_5_no_cards_4_3,True,Reference combat action has a disjoint default route
normal_route_every_win_reward_2_5_no_cards_4_4,True,Reference combat action has a disjoint default route
normal_route_every_win_reward_2_5_no_cards_5_1,True,Reference combat action has a disjoint default route
normal_route_every_win_reward_2_5_no_cards_5_2,True,Reference combat action has a disjoint default route
normal_route_every_win_reward_2_5_no_cards_5_3,True,Reference combat action has a disjoint default route
normal_route_every_win_reward_2_5_no_cards_5_4,True,Reference combat action has a disjoint default route
normal_route_every_win_reward_2_5_no_cards_6_1,True,Reference combat action has a disjoint default route
normal_route_every_win_reward_2_5_no_cards_6_2,True,Reference combat action has a disjoint default route
normal_route_every_win_reward_2_5_no_cards_6_3,True,Reference combat action has a disjoint default route
normal_route_every_win_reward_2_5_no_cards_6_4,True,Reference combat action has a disjoint default route
normal_route_every_win_reward_2_5_no_cards_7_1,True,Reference combat action has a disjoint default route
normal_route_every_win_reward_2_5_no_cards_7_2,True,Reference combat action has a disjoint default route
normal_route_every_win_reward_2_5_no_cards_7_3,True,Reference combat action has a disjoint default route
normal_route_every_win_reward_2_5_no_cards_7_4,True,Reference combat action has a disjoint default route
normal_route_every_win_reward_2_5_no_cards_7_5,True,Reference combat action has a disjoint default route
normal_route_every_win_reward_2_5_no_cards_8_1,True,Reference combat action has a disjoint default route
normal_route_every_win_reward_2_5_no_cards_8_2,True,Reference combat action has a disjoint default route
normal_route_every_win_reward_2_5_no_cards_8_3,True,Reference combat action has a disjoint default route
normal_route_every_win_reward_2_5_no_cards_8_4,True,Reference combat action has a disjoint default route
normal_route_every_win_reward_2_5_no_cards_8_5,True,Reference combat action has a disjoint default route
normal_route_every_win_reward_2_5_no_cards_8_6,True,Reference combat action has a disjoint default route
normal_route_every_win_reward_2_5_no_cards_9_1,True,Reference combat action has a disjoint default route
normal_route_every_win_reward_2_5_no_cards_9_2,True,Reference combat action has a disjoint default route
normal_route_every_win_reward_2_5_no_cards_9_3,True,Reference combat action has a disjoint default route
normal_route_every_win_reward_2_5_no_cards_10_1,True,Reference combat action has a disjoint default route
normal_route_every_win_reward_2_5_no_cards_10_2,True,Reference combat action has a disjoint default route
normal_route_every_win_reward_2_5_no_cards_10_3,True,Reference combat action has a disjoint default route
normal_route_every_win_reward_2_5_no_cards_11_1,True,Reference combat action has a disjoint default route
normal_route_every_win_reward_2_5_no_cards_11_2,True,Reference combat action has a disjoint default route
normal_route_every_win_reward_2_5_no_cards_11_3,True,Reference combat action has a disjoint default route
normal_route_every_win_reward_2_5_no_cards_12_1,True,Reference combat action has a disjoint default route
normal_route_every_win_reward_2_5_no_cards_12_2,True,Reference combat action has a disjoint default route
normal_route_every_win_reward_2_5_no_cards_12_3,True,Reference combat action has a disjoint default route
normal_route_every_win_reward_2_5_no_cards_12_4,True,Reference combat action has a disjoint default route
normal_route_every_win_reward_2_5_no_cards_13_1,True,Reference combat action has a disjoint default route
normal_route_every_win_reward_2_5_no_cards_13_2,True,Reference combat action has a disjoint default route
normal_route_every_win_reward_2_5_no_cards_13_3,True,Reference combat action has a disjoint default route
normal_route_every_win_reward_2_5_no_cards_14_1,True,Reference combat action has a disjoint default route
normal_route_every_win_reward_2_5_no_cards_14_2,True,Reference combat action has a disjoint default route
normal_route_every_win_reward_2_5_no_cards_14_3,True,Reference combat action has a disjoint default route
normal_route_every_win_reward_2_5_no_cards_14_4,True,Reference combat action has a disjoint default route
normal_route_every_win_reward_2_5_no_cards_15_1,True,Reference combat action has a disjoint default route
normal_route_every_win_reward_2_5_no_cards_15_2,True,Reference combat action has a disjoint default route
normal_route_every_win_reward_2_5_no_cards_15_3,True,Reference combat action has a disjoint default route
boss_route_clear_first_correct_taunt_1,True,Reference combat action has a disjoint default route
boss_route_clear_first_correct_taunt_2,True,Reference combat action has a disjoint default route
boss_route_clear_first_correct_taunt_3,True,Reference combat action has a disjoint default route
boss_route_clear_first_correct_taunt_4,True,Reference combat action has a disjoint default route
boss_route_clear_first_correct_taunt_5,True,Reference combat action has a disjoint default route
boss_route_clear_first_correct_taunt_6,True,Reference combat action has a disjoint default route
boss_route_clear_first_correct_taunt_7,True,Reference combat action has a disjoint default route
boss_route_clear_first_correct_taunt_8,True,Reference combat action has a disjoint default route
boss_route_clear_first_correct_taunt_9,True,Reference combat action has a disjoint default route
boss_route_clear_first_correct_taunt_10,True,Reference combat action has a disjoint default route
boss_route_clear_first_correct_taunt_11,True,Reference combat action has a disjoint default route
boss_route_leave_healer_one_real_heal_1,True,Reference combat action has a disjoint default route
boss_route_leave_healer_one_real_heal_2,True,Reference combat action has a disjoint default route
boss_route_leave_healer_one_real_heal_3,True,Reference combat action has a disjoint default route
boss_route_leave_healer_one_real_heal_4,True,Reference combat action has a disjoint default route
boss_route_leave_healer_one_real_heal_5,True,Reference combat action has a disjoint default route
boss_route_leave_healer_one_real_heal_6,True,Reference combat action has a disjoint default route
boss_route_leave_healer_one_real_heal_7,True,Reference combat action has a disjoint default route
boss_route_leave_healer_one_real_heal_8,True,Reference combat action has a disjoint default route
boss_route_leave_healer_one_real_heal_9,True,Reference combat action has a disjoint default route
boss_route_leave_healer_one_real_heal_10,True,Reference combat action has a disjoint default route
boss_route_leave_healer_one_real_heal_11,True,Reference combat action has a disjoint default route
boss_route_leave_healer_one_real_heal_12,True,Reference combat action has a disjoint default route
boss_route_waste_taunt_on_both_rests_1,True,Reference combat action has a disjoint default route
boss_route_waste_taunt_on_both_rests_2,True,Reference combat action has a disjoint default route
boss_route_waste_taunt_on_both_rests_3,True,Reference combat action has a disjoint default route
boss_route_waste_taunt_on_both_rests_4,True,Reference combat action has a disjoint default route
boss_route_waste_taunt_on_both_rests_5,True,Reference combat action has a disjoint default route
boss_route_waste_taunt_on_both_rests_6,True,Reference combat action has a disjoint default route
boss_route_waste_taunt_on_both_rests_7,True,Reference combat action has a disjoint default route
boss_route_waste_taunt_on_both_rests_8,True,Reference combat action has a disjoint default route
boss_route_waste_taunt_on_both_rests_9,True,Reference combat action has a disjoint default route
boss_route_waste_taunt_on_both_rests_10,True,Reference combat action has a disjoint default route
boss_route_waste_taunt_on_both_rests_11,True,Reference combat action has a disjoint default route
boss_route_miss_one_ranged_after_first_rest_1,True,Reference combat action has a disjoint default route
boss_route_miss_one_ranged_after_first_rest_2,True,Reference combat action has a disjoint default route
boss_route_miss_one_ranged_after_first_rest_3,True,Reference combat action has a disjoint default route
boss_route_miss_one_ranged_after_first_rest_4,True,Reference combat action has a disjoint default route
boss_route_miss_one_ranged_after_first_rest_5,True,Reference combat action has a disjoint default route
boss_route_miss_one_ranged_after_first_rest_6,True,Reference combat action has a disjoint default route
boss_route_miss_one_ranged_after_first_rest_7,True,Reference combat action has a disjoint default route
boss_route_miss_one_ranged_after_first_rest_8,True,Reference combat action has a disjoint default route
boss_route_miss_one_ranged_after_first_rest_9,True,Reference combat action has a disjoint default route
boss_route_miss_one_ranged_after_first_rest_10,True,Reference combat action has a disjoint default route
boss_route_miss_one_ranged_after_first_rest_11,True,Reference combat action has a disjoint default route
boss_route_no_taunt_clear_first_1,True,Reference combat action has a disjoint default route
boss_route_no_taunt_clear_first_2,True,Reference combat action has a disjoint default route
boss_route_no_taunt_clear_first_3,True,Reference combat action has a disjoint default route
boss_route_no_taunt_clear_first_4,True,Reference combat action has a disjoint default route
boss_route_no_taunt_clear_first_5,True,Reference combat action has a disjoint default route
boss_route_no_taunt_clear_first_6,True,Reference combat action has a disjoint default route
boss_route_no_taunt_clear_first_7,True,Reference combat action has a disjoint default route
boss_route_no_taunt_clear_first_8,True,Reference combat action has a disjoint default route
boss_route_no_taunt_clear_first_9,True,Reference combat action has a disjoint default route
boss_route_no_taunt_clear_first_10,True,Reference combat action has a disjoint default route
boss_route_full_health_retained_then_two_heals_1,True,Reference combat action has a disjoint default route
boss_route_full_health_retained_then_two_heals_2,True,Reference combat action has a disjoint default route
boss_route_full_health_retained_then_two_heals_3,True,Reference combat action has a disjoint default route
boss_route_full_health_retained_then_two_heals_4,True,Reference combat action has a disjoint default route
boss_route_full_health_retained_then_two_heals_5,True,Reference combat action has a disjoint default route
boss_route_full_health_retained_then_two_heals_6,True,Reference combat action has a disjoint default route
boss_route_full_health_retained_then_two_heals_7,True,Reference combat action has a disjoint default route
boss_route_full_health_retained_then_two_heals_8,True,Reference combat action has a disjoint default route
boss_route_full_health_retained_then_two_heals_9,True,Reference combat action has a disjoint default route
boss_route_full_health_retained_then_two_heals_10,True,Reference combat action has a disjoint default route
boss_route_full_health_retained_then_two_heals_11,True,Reference combat action has a disjoint default route
boss_route_full_health_retained_then_two_heals_12,True,Reference combat action has a disjoint default route
boss_route_full_health_retained_then_two_heals_13,True,Reference combat action has a disjoint default route
boss_route_kill_shell_before_winding_1,True,Reference combat action has a disjoint default route
boss_route_kill_shell_before_winding_2,True,Reference combat action has a disjoint default route
boss_route_kill_shell_before_winding_3,True,Reference combat action has a disjoint default route
boss_route_kill_shell_before_winding_4,True,Reference combat action has a disjoint default route
boss_route_kill_shell_before_winding_5,True,Reference combat action has a disjoint default route
boss_route_kill_shell_before_winding_6,True,Reference combat action has a disjoint default route
boss_route_kill_shell_before_winding_7,True,Reference combat action has a disjoint default route
boss_route_kill_shell_before_winding_8,True,Reference combat action has a disjoint default route
boss_route_kill_shell_before_winding_9,True,Reference combat action has a disjoint default route
boss_route_kill_shell_before_winding_10,True,Reference combat action has a disjoint default route
boss_route_kill_shell_before_winding_11,True,Reference combat action has a disjoint default route
boss_route_kill_shell_before_winding_12,True,Reference combat action has a disjoint default route
ad_distribution,True,Sum=1; minimum total multiplier=2
prd_W_1,True,Long-run rate matches target; battle reset measured separately
prd_W_5,True,Long-run rate matches target; battle reset measured separately
prd_W_10,True,Long-run rate matches target; battle reset measured separately
prd_W_20,True,Long-run rate matches target; battle reset measured separately
prd_M_1,True,Long-run rate matches target; battle reset measured separately
prd_M_5,True,Long-run rate matches target; battle reset measured separately
prd_M_10,True,Long-run rate matches target; battle reset measured separately
prd_M_20,True,Long-run rate matches target; battle reset measured separately
prd_K_1,True,Long-run rate matches target; battle reset measured separately
prd_K_5,True,Long-run rate matches target; battle reset measured separately
prd_K_10,True,Long-run rate matches target; battle reset measured separately
prd_K_20,True,Long-run rate matches target; battle reset measured separately
prd_A_1,True,Long-run rate matches target; battle reset measured separately
prd_A_5,True,Long-run rate matches target; battle reset measured separately
prd_A_10,True,Long-run rate matches target; battle reset measured separately
prd_A_20,True,Long-run rate matches target; battle reset measured separately
axe_without_ads,True,"Before stage 9: 14 tin, 4 wood; can craft 24 axes"
