stage,id,kind,hp,max_hp,pdef,mdef,e,winding_left,link
1,A,E01,15,15,0,0,10,0,
1,B,E01,15,15,0,0,10,0,
2,A,E01,15,15,0,0,10,0,
2,B,E01,15,15,0,0,10,0,
3,A,E02,20,20,20,0,10,0,
3,B,E01,15,15,0,0,10,0,
4,A,E01,15,15,0,0,10,0,
4,B,E02,20,20,20,0,10,0,
4,C,E01,15,15,0,0,10,0,
5,A,E01,15,15,0,0,12,0,
5,B,E01,15,15,0,0,12,0,
5,C,E02,21,21,20,0,12,0,
6,A,E01,15,15,0,0,12,0,
6,B,E03,18,18,100,5,12,0,
6,C,E01,15,15,0,0,12,0,
7,A,E01,15,15,0,0,12,0,
7,B,E03,19,19,200,5,12,0,
7,C,E01,15,15,0,0,12,0,
8,A,E01,16,16,0,0,14,0,
8,B,E03,20,20,300,5,14,0,
8,C,E01,16,16,0,0,14,0,
9,A,E01,16,16,0,0,14,0,
9,B,E03,20,20,300,5,14,0,
9,C,E01,16,16,0,0,14,0,
10,A,E01,16,16,0,0,14,0,
10,B,E05,15,15,0,0,14,0,
10,C,E01,16,16,0,0,14,0,
11,A,E01,17,17,0,0,16,0,
11,B,E03,20,20,300,5,16,0,
11,C,E05,16,16,0,0,16,0,
12,A,E01,17,17,0,0,16,0,
12,B,H,16,16,0,0,16,2,C
12,C,E02,32,32,20,0,16,0,
13,A,E03,20,20,300,5,16,0,
13,B,H,16,16,0,0,16,2,A
13,C,E01,17,17,0,0,16,0,
14,A,E02,24,24,20,0,18,0,
14,B,H,17,17,0,0,18,2,A
14,C,E01,18,18,0,0,18,0,
15,A,E01,18,18,0,0,18,0,
15,B,E03,20,20,300,5,18,0,
15,C,E05,17,17,0,0,18,0,
