role,level,target_probability,prd_c,first_opportunity,first_3_average,first_6_average,guaranteed_by_opportunity
战士,1,0.2,0.0557040429,0.05570404294978187,0.10537505142302665,0.15149797456142314,18
战士,5,0.22,0.0666764036,0.06667640362150809,0.12475774778454311,0.1736916028847765,15
战士,10,0.245,0.0816016101,0.08160161005154604,0.150428945235592,0.20119450226166316,13
战士,20,0.29500000000000004,0.1153066592,0.11530665923490735,0.20555514131972855,0.2548829838658729,9
法师,1,0.2,0.0557040429,0.05570404294978187,0.10537505142302665,0.15149797456142314,18
法师,5,0.22,0.0666764036,0.06667640362150809,0.12475774778454311,0.1736916028847765,15
法师,10,0.245,0.0816016101,0.08160161005154604,0.150428945235592,0.20119450226166316,13
法师,20,0.29500000000000004,0.1153066592,0.11530665923490735,0.20555514131972855,0.2548829838658729,9
盾骑士,1,0.25,0.0847440919,0.08474409185231696,0.15573365637071576,0.20664559850730937,12
盾骑士,5,0.27,0.0978263805,0.09782638048546699,0.17744895806473135,0.22826216656998377,11
盾骑士,10,0.295,0.1153066592,0.1153066592349073,0.20555514131972843,0.25488298386587277,9
盾骑士,20,0.345,0.1538754981,0.15387549808187972,0.26403907144080213,0.30733143823695835,7
精灵弓箭手,1,0.25,0.0847440919,0.08474409185231696,0.15573365637071576,0.20664559850730937,12
精灵弓箭手,5,0.27,0.0978263805,0.09782638048546699,0.17744895806473135,0.22826216656998377,11
精灵弓箭手,10,0.295,0.1153066592,0.1153066592349073,0.20555514131972843,0.25488298386587277,9
精灵弓箭手,20,0.345,0.1538754981,0.15387549808187972,0.26403907144080213,0.30733143823695835,7
