scenario,stage,recommended_level,model_version,scenario_scope,first_entry_proofs_awarded_before_battle,manual_cards_used_before_battle,manual_card_xp_to_warrior_before_battle,manual_proofs_spent_before_battle,cards_before_battle,proofs_awarded_cumulative_before_battle,proofs_unspent_before_battle,entry_tutorial_status,battle_entry_approved_by_current_tutorial_rule,warrior_level_on_stage_entry,warrior_xp_into_level_on_stage_entry,mage_level_on_stage_entry,mage_xp_into_level_on_stage_entry,base_xp,settlement_multiplier,initial_enemy_hp,enemy_healed,actions,estimated_seconds,action_plan,boss_configuration,boss_scenario,taunt_learned_before,warrior_level_before,warrior_xp_into_level_before,warrior_damage,warrior_assist_contribution_candidate,warrior_score_ratio,warrior_score_multiplier,warrior_level_factor,warrior_battle_xp,warrior_end_battle_hp,mage_level_before,mage_xp_into_level_before,mage_damage,mage_assist_contribution_candidate,mage_score_ratio,mage_score_multiplier,mage_level_factor,mage_battle_xp,mage_end_battle_hp,first_clear_cards_base,cards_inventory,ordinary_material_base_candidate,ordinary_material_awarded_candidate,first_clear_proofs_awarded_after_battle,proofs_awarded_cumulative,proofs_unspent,taunt_learned_after,character_unlocked,warrior_level_after,warrior_xp_into_level_after,mage_level_after,mage_xp_into_level_after
guided_no_ads_no_cards,1,1,content_v4_entry16_tutorial,mainline_tutorial_completed,0,0,0,0,0,0,0,not_triggered,1,1,0,,,20,1,30,0,2,11.1,WA WB,,,0,1,0,30,0,2.0,1.292481,1.0,25,95.0,,,,,,,,,,0,0,2,2,0,0,0,0,,1,25,,
guided_no_ads_no_cards,2,1,content_v4_entry16_tutorial,mainline_tutorial_completed,0,0,0,0,0,0,0,not_triggered,1,1,25,,,22,1,30,0,2,11.1,WA WB,,,0,1,25,30,0,2.0,1.292481,1.0,28,95.0,,,,,,,,,,0,0,2,2,0,0,0,0,,1,53,,
guided_no_ads_no_cards,3,1,content_v4_entry16_tutorial,mainline_tutorial_completed,0,0,0,0,0,0,0,not_triggered,1,1,53,,,24,1,35,0,3,15.05,WA WA WB,,,0,1,53,35,0,2.0,1.292481,1.0,31,90.0,,,,,,,,,,0,0,2,2,0,0,0,0,,2,24,,
guided_no_ads_no_cards,4,1,content_v4_entry16_tutorial,mainline_tutorial_completed,0,0,0,0,0,0,0,not_triggered,1,2,24,,,26,1,50,0,4,19.0,WA WB WB WC,,,0,2,24,50,0,2.0,1.292481,1.0,33,82.0,,,,,,,,,,1,1,3,3,0,0,0,0,,2,57,,
guided_no_ads_no_cards,5,2,content_v4_entry16_tutorial,mainline_tutorial_completed,0,0,0,0,1,0,0,not_triggered,1,2,57,,,28,1,51,0,4,19.0,WA WB WC WC,,,0,2,57,51,0,2.0,1.292481,1.0,36,89.0,,,,,,,,,,0,1,2,2,0,0,0,0,,3,8,,
guided_no_ads_no_cards,6,2,content_v4_entry16_tutorial,mainline_tutorial_completed,0,0,0,0,1,0,0,not_triggered,1,3,8,,,30,1,48,0,4,19.0,WA WB WB WC,,,0,3,8,48,0,2.0,1.292481,1.0,38,86.0,,,,,,,,,,0,1,2,2,0,0,0,0,,3,46,,
guided_no_ads_no_cards,7,2,content_v4_entry16_tutorial,mainline_tutorial_completed,0,0,0,0,1,0,0,not_triggered,1,3,46,,,32,1,49,0,5,22.95,WA WB WB WB WC,,,0,3,46,49,0,2.0,1.292481,1.0,41,74.0,,,,,,,,,,0,1,2,2,0,0,0,0,,3,87,,
guided_no_ads_no_cards,8,3,content_v4_entry16_tutorial,mainline_tutorial_completed,0,0,0,0,1,0,0,not_triggered,1,3,87,,,34,1,52,0,6,26.9,WA WB WB WB WB WC,,,0,3,87,52,0,2.0,1.292481,1.0,43,49.0,,,,,,,,,,1,2,3,3,0,0,0,0,mage,4,10,3,0
guided_no_ads_no_cards,9,3,content_v4_entry16_tutorial,mainline_tutorial_completed,0,0,0,0,2,0,0,not_triggered,1,4,10,3,0,36,1,52,0,3,15.05,MB WA WC,,,0,4,10,32,0,1.230769,1.078771,1.0,38,103.0,3,0,20,0,0.769231,0.911561,1.0,32,83.52,0,2,2,2,0,0,0,0,,4,48,3,32
guided_no_ads_no_cards,10,3,content_v4_entry16_tutorial,mainline_tutorial_completed,0,0,0,0,2,0,0,not_triggered,1,4,48,3,32,38,1,47,0,3,15.05,MB WA WC,,,0,4,48,32,0,1.361702,1.119914,1.0,42,103.0,3,32,15,0,0.638298,0.856099,1.0,32,83.52,0,2,2,2,0,0,0,0,,4,90,3,64
guided_no_ads_no_cards,11,4,content_v4_entry16_tutorial,mainline_tutorial_completed,0,0,0,0,2,0,0,not_triggered,1,4,90,3,64,40,1,53,0,3,15.05,WA MC MB,,,0,4,90,17,0,0.641509,0.857512,1.0,34,106.0,3,64,36,0,1.358491,1.118932,1.0,44,83.52,0,2,2,2,0,0,0,0,,4,124,3,108
guided_no_ads_no_cards,12,4,content_v4_entry16_tutorial,mainline_tutorial_completed,0,0,0,0,2,0,0,not_triggered,1,4,124,3,108,42,1,65,0,4,19.0,WA MB WC WC,,,0,4,124,49,0,1.507692,1.16318,1.0,48,103.0,3,108,16,0,0.492308,0.788773,1.0,33,83.52,1,3,3,3,0,0,0,0,,5,7,4,21
guided_no_ads_no_cards,13,4,content_v4_entry16_tutorial,mainline_tutorial_completed,0,0,0,0,3,0,0,not_triggered,1,5,7,4,21,44,1,53,0,3,15.05,MB MA WC,,,0,5,7,17,0,0.641509,0.857512,1.0,37,108.0,4,21,36,0,1.358491,1.118932,1.0,49,89.28,0,3,2,2,0,0,0,0,,5,44,4,70
guided_no_ads_no_cards,14,5,content_v4_entry16_tutorial,mainline_tutorial_completed,0,0,0,0,3,0,0,not_triggered,1,5,44,4,70,46,1,59,0,4,19.0,MB WA WA WC,,,0,5,44,42,0,1.423729,1.138614,1.0,52,85.0,4,70,17,0,0.576271,0.828258,1.0,38,89.28,0,3,2,2,0,0,0,0,,5,96,4,108
guided_no_ads_no_cards,15,5,content_v4_entry16_tutorial,mainline_tutorial_completed,0,0,0,0,3,0,0,not_triggered,1,5,96,4,108,48,1,55,0,3,15.05,WA MC MB,,,0,5,96,18,0,0.654545,0.863217,1.0,41,112.0,4,108,37,0,1.345455,1.114934,1.0,53,89.28,0,3,2,2,0,0,0,0,,5,137,4,161
guided_no_ads_no_cards,16,5,content_v4_entry16_tutorial,mainline_tutorial_completed,1,0,0,1,3,1,0,completed_after_player_confirmation,1,5,137,4,161,150,1,206,0.0,11,53,Wshell WA MB Mshell Wshell Mshell Mcore Wsoldier Mcore Wcore Mcore,candidate_r26_m12,clear_first_correct_taunt,1,5,137,79.0,39.0,1.145631,1.050701,1.0,157,28.0,4,161,127.0,0,1.23301,1.079495,1.0,161,89.28,2,5,6,6,1,2,1,1,,6,74,5,157
mage_heavy_no_cards,1,1,content_v4_entry16_tutorial,mathematical_counterexample_not_approved_entry,0,0,0,0,0,0,0,not_triggered,1,1,0,,,20,1,30,0,2,11.1,WA WB,,,0,1,0,30,0,2.0,1.292481,1.0,25,95.0,,,,,,,,,,0,0,2,2,0,0,0,0,,1,25,,
mage_heavy_no_cards,2,1,content_v4_entry16_tutorial,mathematical_counterexample_not_approved_entry,0,0,0,0,0,0,0,not_triggered,1,1,25,,,22,1,30,0,2,11.1,WA WB,,,0,1,25,30,0,2.0,1.292481,1.0,28,95.0,,,,,,,,,,0,0,2,2,0,0,0,0,,1,53,,
mage_heavy_no_cards,3,1,content_v4_entry16_tutorial,mathematical_counterexample_not_approved_entry,0,0,0,0,0,0,0,not_triggered,1,1,53,,,24,1,35,0,3,15.05,WA WA WB,,,0,1,53,35,0,2.0,1.292481,1.0,31,90.0,,,,,,,,,,0,0,2,2,0,0,0,0,,2,24,,
mage_heavy_no_cards,4,1,content_v4_entry16_tutorial,mathematical_counterexample_not_approved_entry,0,0,0,0,0,0,0,not_triggered,1,2,24,,,26,1,50,0,4,19.0,WA WB WB WC,,,0,2,24,50,0,2.0,1.292481,1.0,33,82.0,,,,,,,,,,1,1,3,3,0,0,0,0,,2,57,,
mage_heavy_no_cards,5,2,content_v4_entry16_tutorial,mathematical_counterexample_not_approved_entry,0,0,0,0,1,0,0,not_triggered,1,2,57,,,28,1,51,0,4,19.0,WA WB WC WC,,,0,2,57,51,0,2.0,1.292481,1.0,36,89.0,,,,,,,,,,0,1,2,2,0,0,0,0,,3,8,,
mage_heavy_no_cards,6,2,content_v4_entry16_tutorial,mathematical_counterexample_not_approved_entry,0,0,0,0,1,0,0,not_triggered,1,3,8,,,30,1,48,0,4,19.0,WA WB WB WC,,,0,3,8,48,0,2.0,1.292481,1.0,38,86.0,,,,,,,,,,0,1,2,2,0,0,0,0,,3,46,,
mage_heavy_no_cards,7,2,content_v4_entry16_tutorial,mathematical_counterexample_not_approved_entry,0,0,0,0,1,0,0,not_triggered,1,3,46,,,32,1,49,0,5,22.95,WA WB WB WB WC,,,0,3,46,49,0,2.0,1.292481,1.0,41,74.0,,,,,,,,,,0,1,2,2,0,0,0,0,,3,87,,
mage_heavy_no_cards,8,3,content_v4_entry16_tutorial,mathematical_counterexample_not_approved_entry,0,0,0,0,1,0,0,not_triggered,1,3,87,,,34,1,52,0,6,26.9,WA WB WB WB WB WC,,,0,3,87,52,0,2.0,1.292481,1.0,43,49.0,,,,,,,,,,1,2,3,3,0,0,0,0,mage,4,10,3,0
mage_heavy_no_cards,9,3,content_v4_entry16_tutorial,mathematical_counterexample_not_approved_entry,0,0,0,0,2,0,0,not_triggered,1,4,10,3,0,36,1,52,0,3,15.05,MB MA MC,,,0,4,10,0,0,0.0,0.5,1.0,18,103.0,3,0,52,0,2.0,1.292481,1.0,46,83.52,0,2,2,2,0,0,0,0,,4,28,3,46
mage_heavy_no_cards,10,3,content_v4_entry16_tutorial,mathematical_counterexample_not_approved_entry,0,0,0,0,2,0,0,not_triggered,1,4,28,3,46,38,1,47,0,3,15.05,MB MA MC,,,0,4,28,0,0,0.0,0.5,1.0,19,103.0,3,46,47,0,2.0,1.292481,1.0,49,83.52,0,2,2,2,0,0,0,0,,4,47,3,95
mage_heavy_no_cards,11,4,content_v4_entry16_tutorial,mathematical_counterexample_not_approved_entry,0,0,0,0,2,0,0,not_triggered,1,4,47,3,95,40,1,53,0,3,15.05,MA MC MB,,,0,4,47,0,0,0.0,0.5,1.0,20,106.0,3,95,53,0,2.0,1.292481,1.0,51,83.52,0,2,2,2,0,0,0,0,,4,67,4,26
mage_heavy_no_cards,12,4,content_v4_entry16_tutorial,mathematical_counterexample_not_approved_entry,0,0,0,0,2,0,0,not_triggered,1,4,67,4,26,42,1,65,0,4,19.0,MA MB MC MC,,,0,4,67,0,0,0.0,0.5,1.0,21,103.0,4,26,65,0,2.0,1.292481,1.0,54,89.28,1,3,3,3,0,0,0,0,,4,88,4,80
mage_heavy_no_cards,13,4,content_v4_entry16_tutorial,mathematical_counterexample_not_approved_entry,0,0,0,0,3,0,0,not_triggered,1,4,88,4,80,44,1,53,0,3,15.05,MB MA MC,,,0,4,88,0,0,0.0,0.5,1.0,22,99.0,4,80,53,0,2.0,1.292481,1.0,56,89.28,0,3,2,2,0,0,0,0,,4,110,4,136
mage_heavy_no_cards,14,5,content_v4_entry16_tutorial,mathematical_counterexample_not_approved_entry,0,0,0,0,3,0,0,not_triggered,1,4,110,4,136,46,1,59,0,3,15.05,MB MA MC,,,0,4,110,0,0,0.0,0.5,1.0,23,106.0,4,136,59,0,2.0,1.292481,1.0,59,89.28,0,3,2,2,0,0,0,0,,4,133,5,30
mage_heavy_no_cards,15,5,content_v4_entry16_tutorial,mathematical_counterexample_not_approved_entry,0,0,0,0,3,0,0,not_triggered,1,4,133,5,30,48,1,55,0,3,15.05,MA MC MB,,,0,4,133,0,0,0.0,0.5,1.0,24,104.0,5,30,55,0,2.0,1.292481,1.0,62,95.04,0,3,2,2,0,0,0,0,,4,157,5,92
mage_heavy_no_cards,16,5,content_v4_entry16_tutorial,mathematical_counterexample_not_approved_entry,1,0,0,0,3,1,1,not_completed_counterfactual_only,0,4,157,5,92,150,1,206,0.0,10,49,WA MB Mshell Mshell Wshell Mcore Wsoldier Mcore Wcore Mcore,candidate_r26_m12,no_taunt_clear_first,0,4,157,73.0,0.0,0.708738,0.886466,1.0,132,89.0,5,92,133.0,0,1.291262,1.098071,1.0,164,49.04,2,5,6,6,1,2,2,0,,5,124,6,36
mage_heavy_manual_one_card,1,1,content_v4_entry16_tutorial,mainline_tutorial_completed,0,0,0,0,0,0,0,not_triggered,1,1,0,,,20,1,30,0,2,11.1,WA WB,,,0,1,0,30,0,2.0,1.292481,1.0,25,95.0,,,,,,,,,,0,0,2,2,0,0,0,0,,1,25,,
mage_heavy_manual_one_card,2,1,content_v4_entry16_tutorial,mainline_tutorial_completed,0,0,0,0,0,0,0,not_triggered,1,1,25,,,22,1,30,0,2,11.1,WA WB,,,0,1,25,30,0,2.0,1.292481,1.0,28,95.0,,,,,,,,,,0,0,2,2,0,0,0,0,,1,53,,
mage_heavy_manual_one_card,3,1,content_v4_entry16_tutorial,mainline_tutorial_completed,0,0,0,0,0,0,0,not_triggered,1,1,53,,,24,1,35,0,3,15.05,WA WA WB,,,0,1,53,35,0,2.0,1.292481,1.0,31,90.0,,,,,,,,,,0,0,2,2,0,0,0,0,,2,24,,
mage_heavy_manual_one_card,4,1,content_v4_entry16_tutorial,mainline_tutorial_completed,0,0,0,0,0,0,0,not_triggered,1,2,24,,,26,1,50,0,4,19.0,WA WB WB WC,,,0,2,24,50,0,2.0,1.292481,1.0,33,82.0,,,,,,,,,,1,1,3,3,0,0,0,0,,2,57,,
mage_heavy_manual_one_card,5,2,content_v4_entry16_tutorial,mainline_tutorial_completed,0,0,0,0,1,0,0,not_triggered,1,2,57,,,28,1,51,0,4,19.0,WA WB WC WC,,,0,2,57,51,0,2.0,1.292481,1.0,36,89.0,,,,,,,,,,0,1,2,2,0,0,0,0,,3,8,,
mage_heavy_manual_one_card,6,2,content_v4_entry16_tutorial,mainline_tutorial_completed,0,0,0,0,1,0,0,not_triggered,1,3,8,,,30,1,48,0,4,19.0,WA WB WB WC,,,0,3,8,48,0,2.0,1.292481,1.0,38,86.0,,,,,,,,,,0,1,2,2,0,0,0,0,,3,46,,
mage_heavy_manual_one_card,7,2,content_v4_entry16_tutorial,mainline_tutorial_completed,0,0,0,0,1,0,0,not_triggered,1,3,46,,,32,1,49,0,5,22.95,WA WB WB WB WC,,,0,3,46,49,0,2.0,1.292481,1.0,41,74.0,,,,,,,,,,0,1,2,2,0,0,0,0,,3,87,,
mage_heavy_manual_one_card,8,3,content_v4_entry16_tutorial,mainline_tutorial_completed,0,0,0,0,1,0,0,not_triggered,1,3,87,,,34,1,52,0,6,26.9,WA WB WB WB WB WC,,,0,3,87,52,0,2.0,1.292481,1.0,43,49.0,,,,,,,,,,1,2,3,3,0,0,0,0,mage,4,10,3,0
mage_heavy_manual_one_card,9,3,content_v4_entry16_tutorial,mainline_tutorial_completed,0,0,0,0,2,0,0,not_triggered,1,4,10,3,0,36,1,52,0,3,15.05,MB MA MC,,,0,4,10,0,0,0.0,0.5,1.0,18,103.0,3,0,52,0,2.0,1.292481,1.0,46,83.52,0,2,2,2,0,0,0,0,,4,28,3,46
mage_heavy_manual_one_card,10,3,content_v4_entry16_tutorial,mainline_tutorial_completed,0,0,0,0,2,0,0,not_triggered,1,4,28,3,46,38,1,47,0,3,15.05,MB MA MC,,,0,4,28,0,0,0.0,0.5,1.0,19,103.0,3,46,47,0,2.0,1.292481,1.0,49,83.52,0,2,2,2,0,0,0,0,,4,47,3,95
mage_heavy_manual_one_card,11,4,content_v4_entry16_tutorial,mainline_tutorial_completed,0,0,0,0,2,0,0,not_triggered,1,4,47,3,95,40,1,53,0,3,15.05,MA MC MB,,,0,4,47,0,0,0.0,0.5,1.0,20,106.0,3,95,53,0,2.0,1.292481,1.0,51,83.52,0,2,2,2,0,0,0,0,,4,67,4,26
mage_heavy_manual_one_card,12,4,content_v4_entry16_tutorial,mainline_tutorial_completed,0,0,0,0,2,0,0,not_triggered,1,4,67,4,26,42,1,65,0,4,19.0,MA MB MC MC,,,0,4,67,0,0,0.0,0.5,1.0,21,103.0,4,26,65,0,2.0,1.292481,1.0,54,89.28,1,3,3,3,0,0,0,0,,4,88,4,80
mage_heavy_manual_one_card,13,4,content_v4_entry16_tutorial,mainline_tutorial_completed,0,0,0,0,3,0,0,not_triggered,1,4,88,4,80,44,1,53,0,3,15.05,MB MA MC,,,0,4,88,0,0,0.0,0.5,1.0,22,99.0,4,80,53,0,2.0,1.292481,1.0,56,89.28,0,3,2,2,0,0,0,0,,4,110,4,136
mage_heavy_manual_one_card,14,5,content_v4_entry16_tutorial,mainline_tutorial_completed,0,0,0,0,3,0,0,not_triggered,1,4,110,4,136,46,1,59,0,3,15.05,MB MA MC,,,0,4,110,0,0,0.0,0.5,1.0,23,106.0,4,136,59,0,2.0,1.292481,1.0,59,89.28,0,3,2,2,0,0,0,0,,4,133,5,30
mage_heavy_manual_one_card,15,5,content_v4_entry16_tutorial,mainline_tutorial_completed,0,0,0,0,3,0,0,not_triggered,1,4,133,5,30,48,1,55,0,3,15.05,MA MC MB,,,0,4,133,0,0,0.0,0.5,1.0,24,104.0,5,30,55,0,2.0,1.292481,1.0,62,95.04,0,3,2,2,0,0,0,0,,4,157,5,92
mage_heavy_manual_one_card,16,5,content_v4_entry16_tutorial,mainline_tutorial_completed,1,1,50,1,2,1,0,completed_after_player_confirmation,1,4,157,5,92,150,1,206,0.0,11,53,Wshell WA MB Mshell Wshell Mshell Mcore Wsoldier Mcore Wcore Mcore,candidate_r26_m12,clear_first_correct_taunt,1,5,42,79.0,39.0,1.145631,1.050701,1.0,157,28.0,5,92,127.0,0,1.23301,1.079495,1.0,161,95.04,2,4,6,6,1,2,1,1,,5,199,6,33
guided_proof_saved,1,1,content_v4_entry16_tutorial,mathematical_counterexample_not_approved_entry,0,0,0,0,0,0,0,not_triggered,1,1,0,,,20,1,30,0,2,11.1,WA WB,,,0,1,0,30,0,2.0,1.292481,1.0,25,95.0,,,,,,,,,,0,0,2,2,0,0,0,0,,1,25,,
guided_proof_saved,2,1,content_v4_entry16_tutorial,mathematical_counterexample_not_approved_entry,0,0,0,0,0,0,0,not_triggered,1,1,25,,,22,1,30,0,2,11.1,WA WB,,,0,1,25,30,0,2.0,1.292481,1.0,28,95.0,,,,,,,,,,0,0,2,2,0,0,0,0,,1,53,,
guided_proof_saved,3,1,content_v4_entry16_tutorial,mathematical_counterexample_not_approved_entry,0,0,0,0,0,0,0,not_triggered,1,1,53,,,24,1,35,0,3,15.05,WA WA WB,,,0,1,53,35,0,2.0,1.292481,1.0,31,90.0,,,,,,,,,,0,0,2,2,0,0,0,0,,2,24,,
guided_proof_saved,4,1,content_v4_entry16_tutorial,mathematical_counterexample_not_approved_entry,0,0,0,0,0,0,0,not_triggered,1,2,24,,,26,1,50,0,4,19.0,WA WB WB WC,,,0,2,24,50,0,2.0,1.292481,1.0,33,82.0,,,,,,,,,,1,1,3,3,0,0,0,0,,2,57,,
guided_proof_saved,5,2,content_v4_entry16_tutorial,mathematical_counterexample_not_approved_entry,0,0,0,0,1,0,0,not_triggered,1,2,57,,,28,1,51,0,4,19.0,WA WB WC WC,,,0,2,57,51,0,2.0,1.292481,1.0,36,89.0,,,,,,,,,,0,1,2,2,0,0,0,0,,3,8,,
guided_proof_saved,6,2,content_v4_entry16_tutorial,mathematical_counterexample_not_approved_entry,0,0,0,0,1,0,0,not_triggered,1,3,8,,,30,1,48,0,4,19.0,WA WB WB WC,,,0,3,8,48,0,2.0,1.292481,1.0,38,86.0,,,,,,,,,,0,1,2,2,0,0,0,0,,3,46,,
guided_proof_saved,7,2,content_v4_entry16_tutorial,mathematical_counterexample_not_approved_entry,0,0,0,0,1,0,0,not_triggered,1,3,46,,,32,1,49,0,5,22.95,WA WB WB WB WC,,,0,3,46,49,0,2.0,1.292481,1.0,41,74.0,,,,,,,,,,0,1,2,2,0,0,0,0,,3,87,,
guided_proof_saved,8,3,content_v4_entry16_tutorial,mathematical_counterexample_not_approved_entry,0,0,0,0,1,0,0,not_triggered,1,3,87,,,34,1,52,0,6,26.9,WA WB WB WB WB WC,,,0,3,87,52,0,2.0,1.292481,1.0,43,49.0,,,,,,,,,,1,2,3,3,0,0,0,0,mage,4,10,3,0
guided_proof_saved,9,3,content_v4_entry16_tutorial,mathematical_counterexample_not_approved_entry,0,0,0,0,2,0,0,not_triggered,1,4,10,3,0,36,1,52,0,3,15.05,MB WA WC,,,0,4,10,32,0,1.230769,1.078771,1.0,38,103.0,3,0,20,0,0.769231,0.911561,1.0,32,83.52,0,2,2,2,0,0,0,0,,4,48,3,32
guided_proof_saved,10,3,content_v4_entry16_tutorial,mathematical_counterexample_not_approved_entry,0,0,0,0,2,0,0,not_triggered,1,4,48,3,32,38,1,47,0,3,15.05,MB WA WC,,,0,4,48,32,0,1.361702,1.119914,1.0,42,103.0,3,32,15,0,0.638298,0.856099,1.0,32,83.52,0,2,2,2,0,0,0,0,,4,90,3,64
guided_proof_saved,11,4,content_v4_entry16_tutorial,mathematical_counterexample_not_approved_entry,0,0,0,0,2,0,0,not_triggered,1,4,90,3,64,40,1,53,0,3,15.05,WA MC MB,,,0,4,90,17,0,0.641509,0.857512,1.0,34,106.0,3,64,36,0,1.358491,1.118932,1.0,44,83.52,0,2,2,2,0,0,0,0,,4,124,3,108
guided_proof_saved,12,4,content_v4_entry16_tutorial,mathematical_counterexample_not_approved_entry,0,0,0,0,2,0,0,not_triggered,1,4,124,3,108,42,1,65,0,4,19.0,WA MB WC WC,,,0,4,124,49,0,1.507692,1.16318,1.0,48,103.0,3,108,16,0,0.492308,0.788773,1.0,33,83.52,1,3,3,3,0,0,0,0,,5,7,4,21
guided_proof_saved,13,4,content_v4_entry16_tutorial,mathematical_counterexample_not_approved_entry,0,0,0,0,3,0,0,not_triggered,1,5,7,4,21,44,1,53,0,3,15.05,MB MA WC,,,0,5,7,17,0,0.641509,0.857512,1.0,37,108.0,4,21,36,0,1.358491,1.118932,1.0,49,89.28,0,3,2,2,0,0,0,0,,5,44,4,70
guided_proof_saved,14,5,content_v4_entry16_tutorial,mathematical_counterexample_not_approved_entry,0,0,0,0,3,0,0,not_triggered,1,5,44,4,70,46,1,59,0,4,19.0,MB WA WA WC,,,0,5,44,42,0,1.423729,1.138614,1.0,52,85.0,4,70,17,0,0.576271,0.828258,1.0,38,89.28,0,3,2,2,0,0,0,0,,5,96,4,108
guided_proof_saved,15,5,content_v4_entry16_tutorial,mathematical_counterexample_not_approved_entry,0,0,0,0,3,0,0,not_triggered,1,5,96,4,108,48,1,55,0,3,15.05,WA MC MB,,,0,5,96,18,0,0.654545,0.863217,1.0,41,112.0,4,108,37,0,1.345455,1.114934,1.0,53,89.28,0,3,2,2,0,0,0,0,,5,137,4,161
guided_proof_saved,16,5,content_v4_entry16_tutorial,mathematical_counterexample_not_approved_entry,1,0,0,0,3,1,1,not_completed_counterfactual_only,0,5,137,4,161,150,1,206,0.0,10,49,WA MB Mshell Mshell Wshell Mcore Wsoldier Mcore Wcore Mcore,candidate_r26_m12,no_taunt_clear_first,0,5,137,76.0,0.0,0.737864,0.898658,1.0,134,97.0,4,161,130.0,0,1.262136,1.088843,1.0,163,43.28,2,5,6,6,1,2,2,0,,6,51,5,159
every_win_reward_2_5_no_cards,1,1,content_v4_entry16_tutorial,mainline_tutorial_completed,0,0,0,0,0,0,0,not_triggered,1,1,0,,,20,2.5,30,0,2,11.1,WA WB,,,0,1,0,30,0,2.0,1.292481,1.0,62,95.0,,,,,,,,,,0,0,2,5,0,0,0,0,,2,2,,
every_win_reward_2_5_no_cards,2,1,content_v4_entry16_tutorial,mainline_tutorial_completed,0,0,0,0,0,0,0,not_triggered,1,2,2,,,22,2.5,30,0,2,11.1,WA WB,,,0,2,2,30,0,2.0,1.292481,1.0,70,103.0,,,,,,,,,,0,0,2,5,0,0,0,0,,2,72,,
every_win_reward_2_5_no_cards,3,1,content_v4_entry16_tutorial,mainline_tutorial_completed,0,0,0,0,0,0,0,not_triggered,1,2,72,,,24,2.5,35,0,3,15.05,WA WA WB,,,0,2,72,35,0,2.0,1.292481,1.0,77,98.0,,,,,,,,,,0,0,2,5,0,0,0,0,,3,64,,
every_win_reward_2_5_no_cards,4,1,content_v4_entry16_tutorial,mainline_tutorial_completed,0,0,0,0,0,0,0,not_triggered,1,3,64,,,26,2.5,50,0,4,19.0,WA WB WB WC,,,0,3,64,50,0,2.0,1.292481,0.75,62,90.0,,,,,,,,,,1,3,3,8,0,0,0,0,,4,6,,
every_win_reward_2_5_no_cards,5,2,content_v4_entry16_tutorial,mainline_tutorial_completed,0,0,0,0,3,0,0,not_triggered,1,4,6,,,28,2.5,51,0,4,19.0,WA WB WC WC,,,0,4,6,51,0,2.0,1.292481,0.75,67,105.0,,,,,,,,,,0,3,2,5,0,0,0,0,,4,73,,
every_win_reward_2_5_no_cards,6,2,content_v4_entry16_tutorial,mainline_tutorial_completed,0,0,0,0,3,0,0,not_triggered,1,4,73,,,30,2.5,48,0,4,19.0,WA WB WB WC,,,0,4,73,48,0,2.0,1.292481,0.75,72,94.0,,,,,,,,,,0,3,2,5,0,0,0,0,,4,145,,
every_win_reward_2_5_no_cards,7,2,content_v4_entry16_tutorial,mainline_tutorial_completed,0,0,0,0,3,0,0,not_triggered,1,4,145,,,32,2.5,49,0,5,22.95,WA WB WB WB WC,,,0,4,145,49,0,2.0,1.292481,0.75,77,82.0,,,,,,,,,,0,3,2,5,0,0,0,0,,5,57,,
every_win_reward_2_5_no_cards,8,3,content_v4_entry16_tutorial,mainline_tutorial_completed,0,0,0,0,3,0,0,not_triggered,1,5,57,,,34,2.5,52,0,6,26.9,WA WB WB WB WB WC,,,0,5,57,52,0,2.0,1.292481,0.75,80,69.0,,,,,,,,,,1,6,3,8,0,0,0,0,mage,5,137,3,0
every_win_reward_2_5_no_cards,9,3,content_v4_entry16_tutorial,mainline_tutorial_completed,0,0,0,0,6,0,0,not_triggered,1,5,137,3,0,36,2.5,52,0,3,15.05,MB WA WC,,,0,5,137,32,0,1.230769,1.078771,0.75,72,111.0,3,0,20,0,0.769231,0.911561,1.0,80,83.52,0,6,2,5,0,0,0,0,,5,209,3,80
every_win_reward_2_5_no_cards,10,3,content_v4_entry16_tutorial,mainline_tutorial_completed,0,0,0,0,6,0,0,not_triggered,1,5,209,3,80,38,2.5,47,0,3,15.05,MB WA WC,,,0,5,209,32,0,1.361702,1.119914,0.75,77,111.0,3,80,15,0,0.638298,0.856099,1.0,80,83.52,0,6,2,5,0,0,0,0,,6,66,4,40
every_win_reward_2_5_no_cards,11,4,content_v4_entry16_tutorial,mainline_tutorial_completed,0,0,0,0,6,0,0,not_triggered,1,6,66,4,40,40,2.5,53,0,3,15.05,WA MC MB,,,0,6,66,17,0,0.641509,0.857512,0.75,62,124.0,4,40,36,0,1.358491,1.118932,1.0,110,89.28,0,6,2,5,0,0,0,0,,6,128,4,150
every_win_reward_2_5_no_cards,12,4,content_v4_entry16_tutorial,mainline_tutorial_completed,0,0,0,0,6,0,0,not_triggered,1,6,128,4,150,42,2.5,65,0,4,19.0,WA MB WC WC,,,0,6,128,49,0,1.507692,1.16318,0.75,90,120.0,4,150,16,0,0.492308,0.788773,1.0,82,89.28,1,9,3,8,0,0,0,0,,6,218,5,67
every_win_reward_2_5_no_cards,13,4,content_v4_entry16_tutorial,mainline_tutorial_completed,0,0,0,0,9,0,0,not_triggered,1,6,218,5,67,44,2.5,53,0,3,15.05,MB MA WC,,,0,6,218,17,0,0.641509,0.857512,0.75,70,116.0,5,67,36,0,1.358491,1.118932,1.0,122,95.04,0,9,2,5,0,0,0,0,,7,3,5,189
every_win_reward_2_5_no_cards,14,5,content_v4_entry16_tutorial,mainline_tutorial_completed,0,0,0,0,9,0,0,not_triggered,1,7,3,5,189,46,2.5,59,0,4,19.0,MB WA WA WC,,,0,7,3,42,0,1.423729,1.138614,0.75,97,102.0,5,189,17,0,0.576271,0.828258,1.0,95,95.04,0,9,2,5,0,0,0,0,,7,100,6,64
every_win_reward_2_5_no_cards,15,5,content_v4_entry16_tutorial,mainline_tutorial_completed,0,0,0,0,9,0,0,not_triggered,1,7,100,6,64,48,2.5,55,0,3,15.05,WA MC MB,,,0,7,100,18,0,0.654545,0.863217,0.75,77,130.0,6,64,37,0,1.345455,1.114934,1.0,132,100.8,0,9,2,5,0,0,0,0,,7,177,6,196
every_win_reward_2_5_no_cards,16,5,content_v4_entry16_tutorial,mainline_tutorial_completed,1,0,0,1,9,1,0,completed_after_player_confirmation,1,7,177,6,196,150,2.5,206,0.0,11,53,Wshell WA MB Mshell Wshell Mshell Mcore Wsoldier Mcore Wcore Mcore,candidate_r26_m12,clear_first_correct_taunt,1,7,177,83.0,39.0,1.184466,1.06364,0.75,297,47.0,6,196,123.0,0,1.194175,1.066839,1.0,400,100.8,2,14,6,15,1,2,1,1,,8,114,7,311
