stage,recommended_level,base_xp,enemy_order,reference_plan,actions,estimated_seconds,card_first_clear,tin_per_win,wood_per_win,unlock,proof_first_entry,proof_first_entry_quantity,proof_first_clear,proof_first_clear_quantity,entry_tutorial,board
1,1,20,"E01,E01",WA WB,2,11.1,0,2,0,,,0,,0,,L01-1
2,1,22,"E01,E01",WA WB,2,11.1,0,1,1,,,0,,0,,L02-1
3,1,24,"E02,E01",WA WA WB,3,15.05,0,2,0,,,0,,0,,L03-1
4,1,26,"E01,E02,E01",WA WB WB WC,4,19.0,1,2,1,,,0,,0,,L04-1
5,2,28,"E01,E01,E02",WA WB WC WC,4,19.0,0,2,0,,,0,,0,,L05-1
6,2,30,"E01,E03,E01",WA WB WB WC,4,19.0,0,1,1,,,0,,0,,L06-1
7,2,32,"E01,E03,E01",WA WB WB WB WC,5,22.95,0,2,0,,,0,,0,,L07-1
8,3,34,"E01,E03,E01",WA WB WB WB WB WC,6,26.9,1,2,1,"mage,axe_recipe,resource_ad",,0,,0,,L08-1
9,3,36,"E01,E03,E01",MB WA WC,3,15.05,0,2,0,,,0,,0,,L09-1
10,3,38,"E01,E05,E01",MB WA WC,3,15.05,0,1,1,,,0,,0,,L10-1
11,4,40,"E01,E03,E05",WA MC MB,3,15.05,0,2,0,,,0,,0,,L11-1
12,4,42,"E01,H,E02",WA MB WC WC,4,19.0,1,2,1,,,0,,0,,L12-1
13,4,44,"E03,H,E01",MB MA WC,3,15.05,0,2,0,,,0,,0,,L13-1
14,5,46,"E02,H,E01",MB WA WA WC,4,19.0,0,1,1,,,0,,0,,L14-1
15,5,48,"E01,E03,E05",WA MC MB,3,15.05,0,2,0,,,0,,0,,L15-1
16,5,150,"A,B,shell / soldier,core",see boss_actions.csv,11,53,2,4,2,,general,1,general,1,"gift_once,player_confirm_level5_taunt,explain_mage_priority_and_redirect,complete_tutorial,normal_ready_then_boss_intro",L16-1 / L16-2
