scenario,effective_actions,think_seconds_per_action,draw_seconds_per_action,player_feedback_seconds_per_action,enemy_batch_seconds_per_action,free_lines,seconds_per_free_line,battle_fixed_seconds,battle_seconds,transition_seconds,assumed_failure_probability,seconds_per_failed_attempt_including_restart,expected_retry_seconds_per_victory,ad_seconds_per_victory,expected_cycle_seconds_per_victory,model_status
ordinary_3_actions,3,1.3,1.3,0.65,0.7,0,2.2,2.4,14.25,2,0,0,0.0,0,16.25,unplayed_candidate
ordinary_4_actions,4,1.3,1.3,0.65,0.7,0,2.2,2.4,18.2,2,0,0,0.0,0,20.2,unplayed_candidate
ordinary_5_actions,5,1.3,1.3,0.65,0.7,0,2.2,2.4,22.15,2,0,0,0.0,0,24.15,unplayed_candidate
ordinary_new_player_slow_3_actions,3,3,1.8,0.65,0.7,0,2.2,2.4,20.85,2,0,0,0.0,0,22.85,unplayed_candidate
ordinary_AOE_2_actions_2_free_lines,2,1.3,1.3,0.65,0.7,2,2.2,2.4,14.7,2,0,0,0.0,0,16.7,unplayed_candidate
boss_12_actions,12,2,1.3,0.7,0.9,0,2.2,2.4,61.2,2,0,0,0.0,0,63.2,unplayed_candidate
boss_10_actions_2_free_lines,10,2,1.3,0.7,0.9,2,2.2,2.4,55.8,2,0,0,0.0,0,57.8,unplayed_candidate
old_stage8_high_level_2_actions,2,0.6,0.9,0.55,0.25,0,2.2,1.8,6.4,2,0,0,0.0,0,8.4,unplayed_candidate
old_stage28_high_level_3_actions,3,0.8,1,0.6,0.3,0,2.2,1.8,9.9,2,0,0,0.0,0,11.9,unplayed_candidate
stage8_veteran_with_newcomer_3_actions,3,1.2,1.2,0.65,0.55,0,2.2,1.8,12.6,2,0,0,0.0,0,14.6,unplayed_candidate
ordinary_20_percent_failed_attempts,3,1.3,1.3,0.65,0.7,0,2.2,2.4,14.25,2,0.2,12,3.0,0,19.25,unplayed_candidate
ordinary_reward_ad_17s,3,1.3,1.3,0.65,0.7,0,2.2,2.4,14.25,2,0,0,0.0,17,33.25,unplayed_candidate
ordinary_reward_ad_32s,3,1.3,1.3,0.65,0.7,0,2.2,2.4,14.25,2,0,0,0.0,32,48.25,unplayed_candidate
ordinary_reward_ad_47s,3,1.3,1.3,0.65,0.7,0,2.2,2.4,14.25,2,0,0,0.0,47,63.25,unplayed_candidate
