row_kind,base_quantity,multiplier_or_distribution,exact_quantity,material_ceiling_quantity,card_floor_candidate,card_ceil_candidate,material_effective_multiplier,probabilities
tier,0,2,0,0,0,0,,
tier,0,2.2,0.0,0,0,0,,
tier,0,2.5,0.0,0,0,0,,
tier,0,2.8,0.0,0,0,0,,
tier,0,3,0,0,0,0,,
expected_hypothesis,0,uniform_hypothesis,0.0,0.0,0.0,0.0,,0.2/0.2/0.2/0.2/0.2
expected_hypothesis,0,low_weight_hypothesis,0.0,0.0,0.0,0.0,,0.35/0.25/0.2/0.15/0.05
tier,1,2,2,2,2,2,2.0,
tier,1,2.2,2.2,3,2,3,3.0,
tier,1,2.5,2.5,3,2,3,3.0,
tier,1,2.8,2.8,3,2,3,3.0,
tier,1,3,3,3,3,3,3.0,
expected_hypothesis,1,uniform_hypothesis,2.5,2.8,2.2,2.8,2.8,0.2/0.2/0.2/0.2/0.2
expected_hypothesis,1,low_weight_hypothesis,2.32,2.65,2.05,2.65,2.65,0.35/0.25/0.2/0.15/0.05
tier,2,2,4,4,4,4,2.0,
tier,2,2.2,4.4,5,4,5,2.5,
tier,2,2.5,5.0,5,5,5,2.5,
tier,2,2.8,5.6,6,5,6,3.0,
tier,2,3,6,6,6,6,3.0,
expected_hypothesis,2,uniform_hypothesis,5.0,5.2,4.8,5.2,2.6,0.2/0.2/0.2/0.2/0.2
expected_hypothesis,2,low_weight_hypothesis,4.64,4.85,4.45,4.85,2.425,0.35/0.25/0.2/0.15/0.05
tier,3,2,6,6,6,6,2.0,
tier,3,2.2,6.6,7,6,7,2.333333,
tier,3,2.5,7.5,8,7,8,2.666667,
tier,3,2.8,8.4,9,8,9,3.0,
tier,3,3,9,9,9,9,3.0,
expected_hypothesis,3,uniform_hypothesis,7.5,7.8,7.2,7.8,2.6,0.2/0.2/0.2/0.2/0.2
expected_hypothesis,3,low_weight_hypothesis,6.96,7.25,6.65,7.25,2.416667,0.35/0.25/0.2/0.15/0.05
tier,6,2,12,12,12,12,2.0,
tier,6,2.2,13.2,14,13,14,2.333333,
tier,6,2.5,15.0,15,15,15,2.5,
tier,6,2.8,16.8,17,16,17,2.833333,
tier,6,3,18,18,18,18,3.0,
expected_hypothesis,6,uniform_hypothesis,15.0,15.2,14.8,15.2,2.533333,0.2/0.2/0.2/0.2/0.2
expected_hypothesis,6,low_weight_hypothesis,13.92,14.15,13.75,14.15,2.358333,0.35/0.25/0.2/0.15/0.05
tier,10,2,20,20,20,20,2.0,
tier,10,2.2,22.0,22,22,22,2.2,
tier,10,2.5,25.0,25,25,25,2.5,
tier,10,2.8,28.0,28,28,28,2.8,
tier,10,3,30,30,30,30,3.0,
expected_hypothesis,10,uniform_hypothesis,25.0,25.0,25.0,25.0,2.5,0.2/0.2/0.2/0.2/0.2
expected_hypothesis,10,low_weight_hypothesis,23.2,23.2,23.2,23.2,2.32,0.35/0.25/0.2/0.15/0.05
tier,99,2,198,198,198,198,2.0,
tier,99,2.2,217.8,218,217,218,2.20202,
tier,99,2.5,247.5,248,247,248,2.505051,
tier,99,2.8,277.2,278,277,278,2.808081,
tier,99,3,297,297,297,297,3.0,
expected_hypothesis,99,uniform_hypothesis,247.5,247.8,247.2,247.8,2.50303,0.2/0.2/0.2/0.2/0.2
expected_hypothesis,99,low_weight_hypothesis,229.68,229.95,229.35,229.95,2.322727,0.35/0.25/0.2/0.15/0.05
