scenario,stage,recommended_level,base_xp_per_character,settlement_multiplier,assumed_score_ratio_per_participant,score_multiplier,first_clear_cards_before_ad,warrior_level_before,warrior_level_correction,warrior_battle_xp,mage_level_before,mage_level_correction,mage_battle_xp,shield_level_before,shield_level_correction,shield_battle_xp,archer_level_before,archer_level_correction,archer_battle_xp,cards_spent_at_unlock,card_inventory_after,proofs_awarded_cumulative_not_inventory,warrior_level_after,warrior_xp_into_level_after,mage_level_after,mage_xp_into_level_after,shield_level_after,shield_xp_into_level_after,archer_level_after,archer_xp_into_level_after
no_ads,1,1,20,1,2,1.292481,0,1,1.0,25,,,,,,,,,,0,0,0,1,25,,,,,,
no_ads,2,1,22,1,2,1.292481,0,1,1.0,28,,,,,,,,,,0,0,0,1,53,,,,,,
no_ads,3,1,24,1,2,1.292481,0,1,1.0,31,,,,,,,,,,0,0,0,2,24,,,,,,
no_ads,4,1,26,1,2,1.292481,1,2,1.0,33,,,,,,,,,,0,1,0,2,57,,,,,,
no_ads,5,2,28,1,2,1.292481,0,2,1.0,36,,,,,,,,,,0,1,0,3,8,,,,,,
no_ads,6,2,30,1,2,1.292481,0,3,1.0,38,,,,,,,,,,0,1,0,3,46,,,,,,
no_ads,7,2,32,1,2,1.292481,0,3,1.0,41,,,,,,,,,,0,1,0,3,87,,,,,,
no_ads,8,2,34,1,2,1.292481,1,3,1.0,43,,,,,,,,,,0,2,0,4,10,,,,,,
no_ads,9,3,36,1,2,1.292481,0,4,1.0,46,,,,,,,,,,0,2,0,4,56,,,,,,
no_ads,10,3,38,1,2,1.292481,0,4,1.0,49,,,,,,,,,,2,0,0,4,105,3,15,,,,
no_ads,11,3,40,1,1,1.0,0,4,1.0,40,3,1.0,40,,,,,,,0,0,0,4,145,3,55,,,,
no_ads,12,3,42,1,1,1.0,1,4,1.0,42,3,1.0,42,,,,,,,0,1,0,5,22,3,97,,,,
no_ads,13,4,44,1,1,1.0,0,5,1.0,44,3,1.0,44,,,,,,,0,1,0,5,66,4,21,,,,
no_ads,14,4,46,1,1,1.0,0,5,1.0,46,4,1.0,46,,,,,,,0,1,0,5,112,4,67,,,,
no_ads,15,4,48,1,1,1.0,0,5,1.0,48,4,1.0,48,,,,,,,0,1,0,5,160,4,115,,,,
no_ads,16,4,150,1,1,1.0,2,5,1.0,150,4,1.0,150,,,,,,,0,3,1,6,90,5,100,,,,
no_ads,17,5,52,1,1,1.0,0,6,1.0,52,5,1.0,52,,,,,,,0,3,1,6,142,5,152,,,,
no_ads,18,5,54,1,1,1.0,0,6,1.0,54,5,1.0,54,,,,,,,0,3,1,6,196,5,206,,,,
no_ads,19,5,56,1,1,1.0,0,6,1.0,56,5,1.0,56,,,,,,,0,3,1,6,252,6,42,,,,
no_ads,20,5,58,1,1,1.0,1,6,1.0,58,6,1.0,58,,,,,,,4,0,1,7,25,6,100,5,35,,
no_ads,21,6,60,1,0.8,0.923998,0,7,1.0,55,6,1.0,55,5,1.0,55,,,,0,0,1,7,80,6,155,5,90,,
no_ads,22,6,62,1,0.8,0.923998,0,7,1.0,57,6,1.0,57,5,1.0,57,,,,0,0,1,7,137,6,212,5,147,,
no_ads,23,6,64,1,0.8,0.923998,0,7,1.0,59,6,1.0,59,5,1.0,59,,,,0,0,1,7,196,6,271,5,206,,
no_ads,24,6,198,1,0.8,0.923998,2,7,1.0,182,6,1.0,182,5,1.0,182,,,,0,2,2,8,18,7,168,6,168,,
no_ads,25,7,68,1,0.8,0.923998,0,8,1.0,62,7,1.0,62,6,1.0,62,,,,0,2,2,8,80,7,230,6,230,,
no_ads,26,7,70,1,0.8,0.923998,0,8,1.0,64,7,1.0,64,6,1.0,64,,,,0,2,2,8,144,7,294,7,9,,
no_ads,27,7,72,1,0.8,0.923998,0,8,1.0,66,7,1.0,66,7,1.0,66,,,,0,2,2,8,210,8,0,7,75,,
no_ads,28,7,74,1,0.8,0.923998,1,8,1.0,68,8,1.0,68,7,1.0,68,,,,0,3,2,8,278,8,68,7,143,,
no_ads,29,8,76,1,0.8,0.923998,0,8,1.0,70,8,1.0,70,7,1.0,70,,,,0,3,2,8,348,8,138,7,213,,
no_ads,30,8,78,1,0.8,0.923998,0,8,1.0,72,8,1.0,72,7,1.0,72,,,,0,3,2,8,420,8,210,7,285,,
no_ads,31,8,80,1,0.8,0.923998,0,8,1.0,73,8,1.0,73,7,1.0,73,,,,0,3,2,9,48,8,283,7,358,,
no_ads,32,8,246,1,0.8,0.923998,2,9,1.0,227,8,1.0,227,7,1.0,227,,,,0,5,3,9,275,9,65,8,225,,
no_ads,33,9,84,1,0.8,0.923998,0,9,1.0,77,9,1.0,77,8,1.0,77,,,,0,5,3,9,352,9,142,8,302,,
no_ads,34,9,86,1,0.8,0.923998,0,9,1.0,79,9,1.0,79,8,1.0,79,,,,0,5,3,9,431,9,221,8,381,,
no_ads,35,9,88,1,0.8,0.923998,0,9,1.0,81,9,1.0,81,8,1.0,81,,,,0,5,3,9,512,9,302,9,17,,
no_ads,36,9,90,1,0.8,0.923998,1,9,1.0,83,9,1.0,83,9,1.0,83,,,,0,6,3,10,55,9,385,9,100,,
no_ads,37,10,92,1,0.8,0.923998,0,10,1.0,85,9,1.0,85,9,1.0,85,,,,0,6,3,10,140,9,470,9,185,,
no_ads,38,10,94,1,0.8,0.923998,0,10,1.0,86,9,1.0,86,9,1.0,86,,,,0,6,3,10,226,10,16,9,271,,
no_ads,39,10,96,1,0.8,0.923998,0,10,1.0,88,10,1.0,88,9,1.0,88,,,,0,6,3,10,314,10,104,9,359,,
no_ads,40,10,98,1,0.8,0.923998,1,10,1.0,90,10,1.0,90,9,1.0,90,,,,0,7,3,10,404,10,194,9,449,9,0
every_win_tier_2_5_card_ceil_candidate,1,1,20,2.5,2,1.292481,0,1,1.0,62,,,,,,,,,,0,0,0,2,2,,,,,,
every_win_tier_2_5_card_ceil_candidate,2,1,22,2.5,2,1.292481,0,2,1.0,70,,,,,,,,,,0,0,0,2,72,,,,,,
every_win_tier_2_5_card_ceil_candidate,3,1,24,2.5,2,1.292481,0,2,1.0,77,,,,,,,,,,0,0,0,3,64,,,,,,
every_win_tier_2_5_card_ceil_candidate,4,1,26,2.5,2,1.292481,1,3,0.75,62,,,,,,,,,,0,3,0,4,6,,,,,,
every_win_tier_2_5_card_ceil_candidate,5,2,28,2.5,2,1.292481,0,4,0.75,67,,,,,,,,,,0,3,0,4,73,,,,,,
every_win_tier_2_5_card_ceil_candidate,6,2,30,2.5,2,1.292481,0,4,0.75,72,,,,,,,,,,0,3,0,4,145,,,,,,
every_win_tier_2_5_card_ceil_candidate,7,2,32,2.5,2,1.292481,0,4,0.75,77,,,,,,,,,,0,3,0,5,57,,,,,,
every_win_tier_2_5_card_ceil_candidate,8,2,34,2.5,2,1.292481,1,5,0.5625,60,,,,,,,,,,0,6,0,5,117,,,,,,
every_win_tier_2_5_card_ceil_candidate,9,3,36,2.5,2,1.292481,0,5,0.75,85,,,,,,,,,,0,6,0,5,202,,,,,,
every_win_tier_2_5_card_ceil_candidate,10,3,38,2.5,2,1.292481,0,5,0.75,90,,,,,,,,,,2,4,0,6,72,3,15,,,,
every_win_tier_2_5_card_ceil_candidate,11,3,40,2.5,1,1.0,0,6,0.5625,55,3,1.0,100,,,,,,,0,4,0,6,127,3,115,,,,
every_win_tier_2_5_card_ceil_candidate,12,3,42,2.5,1,1.0,1,6,0.5625,57,3,1.0,105,,,,,,,0,7,0,6,184,4,100,,,,
every_win_tier_2_5_card_ceil_candidate,13,4,44,2.5,1,1.0,0,6,0.75,82,4,1.0,110,,,,,,,0,7,0,6,266,5,45,,,,
every_win_tier_2_5_card_ceil_candidate,14,4,46,2.5,1,1.0,0,6,0.75,85,5,1.0,115,,,,,,,0,7,0,7,66,5,160,,,,
every_win_tier_2_5_card_ceil_candidate,15,4,48,2.5,1,1.0,0,7,0.5625,67,5,1.0,120,,,,,,,0,7,0,7,133,6,60,,,,
every_win_tier_2_5_card_ceil_candidate,16,4,150,2.5,1,1.0,2,7,0.5625,210,6,0.75,280,,,,,,,0,12,1,7,343,7,55,,,,
every_win_tier_2_5_card_ceil_candidate,17,5,52,2.5,1,1.0,0,7,0.75,97,7,0.75,97,,,,,,,0,12,1,8,80,7,152,,,,
every_win_tier_2_5_card_ceil_candidate,18,5,54,2.5,1,1.0,0,8,0.5625,75,7,0.75,100,,,,,,,0,12,1,8,155,7,252,,,,
every_win_tier_2_5_card_ceil_candidate,19,5,56,2.5,1,1.0,0,8,0.5625,77,7,0.75,105,,,,,,,0,12,1,8,232,7,357,,,,
every_win_tier_2_5_card_ceil_candidate,20,5,58,2.5,1,1.0,1,8,0.5625,80,7,0.75,107,,,,,,,4,11,1,8,312,8,104,5,35,,
every_win_tier_2_5_card_ceil_candidate,21,6,60,2.5,0.8,0.923998,0,8,0.75,102,8,0.75,102,5,1.0,137,,,,0,11,1,8,414,8,206,5,172,,
every_win_tier_2_5_card_ceil_candidate,22,6,62,2.5,0.8,0.923998,0,8,0.75,105,8,0.75,105,5,1.0,142,,,,0,11,1,9,74,8,311,6,94,,
every_win_tier_2_5_card_ceil_candidate,23,6,64,2.5,0.8,0.923998,0,9,0.5625,82,8,0.75,110,6,1.0,147,,,,0,11,1,9,156,8,421,6,241,,
every_win_tier_2_5_card_ceil_candidate,24,6,198,2.5,0.8,0.923998,2,9,0.5625,255,8,0.75,342,6,1.0,455,,,,0,16,2,9,411,9,318,8,51,,
every_win_tier_2_5_card_ceil_candidate,25,7,68,2.5,0.8,0.923998,0,9,0.75,117,9,0.75,117,8,1.0,155,,,,0,16,2,9,528,9,435,8,206,,
every_win_tier_2_5_card_ceil_candidate,26,7,70,2.5,0.8,0.923998,0,9,0.75,120,9,0.75,120,8,1.0,160,,,,0,16,2,10,108,10,15,8,366,,
every_win_tier_2_5_card_ceil_candidate,27,7,72,2.5,0.8,0.923998,0,10,0.5625,92,10,0.5625,92,8,1.0,165,,,,0,16,2,10,200,10,107,9,86,,
every_win_tier_2_5_card_ceil_candidate,28,7,74,2.5,0.8,0.923998,1,10,0.5625,95,10,0.5625,95,9,0.75,127,,,,0,19,2,10,295,10,202,9,213,,
every_win_tier_2_5_card_ceil_candidate,29,8,76,2.5,0.8,0.923998,0,10,0.75,130,10,0.75,130,9,1.0,175,,,,0,19,2,10,425,10,332,9,388,,
every_win_tier_2_5_card_ceil_candidate,30,8,78,2.5,0.8,0.923998,0,10,0.75,135,10,0.75,135,9,1.0,180,,,,0,19,2,10,560,10,467,10,28,,
every_win_tier_2_5_card_ceil_candidate,31,8,80,2.5,0.8,0.923998,0,10,0.75,137,10,0.75,137,10,0.75,137,,,,0,19,2,11,52,10,604,10,165,,
every_win_tier_2_5_card_ceil_candidate,32,8,246,2.5,0.8,0.923998,2,11,0.5625,317,10,0.75,425,10,0.75,425,,,,0,24,3,11,369,11,384,10,590,,
every_win_tier_2_5_card_ceil_candidate,33,9,84,2.5,0.8,0.923998,0,11,0.75,145,11,0.75,145,10,1.0,192,,,,0,24,3,11,514,11,529,11,137,,
every_win_tier_2_5_card_ceil_candidate,34,9,86,2.5,0.8,0.923998,0,11,0.75,147,11,0.75,147,11,0.75,147,,,,0,24,3,11,661,11,676,11,284,,
every_win_tier_2_5_card_ceil_candidate,35,9,88,2.5,0.8,0.923998,0,11,0.75,150,11,0.75,150,11,0.75,150,,,,0,24,3,12,51,12,66,11,434,,
every_win_tier_2_5_card_ceil_candidate,36,9,90,2.5,0.8,0.923998,1,12,0.5625,115,12,0.5625,115,11,0.75,155,,,,0,27,3,12,166,12,181,11,589,,
every_win_tier_2_5_card_ceil_candidate,37,10,92,2.5,0.8,0.923998,0,12,0.75,157,12,0.75,157,11,1.0,212,,,,0,27,3,12,323,12,338,12,41,,
every_win_tier_2_5_card_ceil_candidate,38,10,94,2.5,0.8,0.923998,0,12,0.75,162,12,0.75,162,12,0.75,162,,,,0,27,3,12,485,12,500,12,203,,
every_win_tier_2_5_card_ceil_candidate,39,10,96,2.5,0.8,0.923998,0,12,0.75,165,12,0.75,165,12,0.75,165,,,,0,27,3,12,650,12,665,12,368,,
every_win_tier_2_5_card_ceil_candidate,40,10,98,2.5,0.8,0.923998,1,12,0.75,167,12,0.75,167,12,0.75,167,,,,0,30,3,12,817,12,832,12,535,9,0
