scenario,stage,character_level,recommended_level,contribution_ratio,score_multiplier,decay_base,applied_personal_level_factor,base_xp,reward_ad_uniform_hypothesis,direct_ad_completion,xp_per_victory,repeat_card_probability_candidate,expected_card_count_per_victory_ceil_candidate,card_xp_each,cycle_seconds,character_xp_per_minute,pooled_card_xp_per_minute,max_xp_per_minute_if_all_pooled_cards_given_to_this_character,note
far_old_stage8,8,10,2,2,1.292481,0.75,0.133484,34,0,0,5,0.05,0.05,50,8.4,35.7143,17.8571,53.5714,Card XP is shared inventory; do not add this column for multiple characters
near_old_stage28_decay_0p8_comparison,28,10,7,2,1.292481,0.8,0.64,74,0,0,61,0.1,0.1,50,11.9,307.563,25.2101,332.7731,Card XP is shared inventory; do not add this column for multiple characters
near_old_stage28_recommended_decay,28,10,7,2,1.292481,0.75,0.5625,74,0,0,53,0.1,0.1,50,11.9,267.2269,25.2101,292.437,Card XP is shared inventory; do not add this column for multiple characters
frontier_stage36_team_contribution,36,10,9,0.8,0.923998,0.75,1.0,90,0,0,83,0.1,0.1,50,16.25,306.4615,18.4615,324.9231,Card XP is shared inventory; do not add this column for multiple characters
boss32_repeat,32,10,8,0.8,0.923998,0.75,0.75,246,0,0,170,0.25,0.25,50,63.2,161.3924,11.8671,173.2595,Card XP is shared inventory; do not add this column for multiple characters
carry_veteran_same_run,8,10,2,1.5,1.160964,0.75,0.133484,34,0,0,5,0.05,0.05,50,14.6,20.5479,10.274,30.8219,Card XP is shared inventory; do not add this column for multiple characters
carry_newcomer_same_run,8,2,2,0.5,0.792481,0.75,1.0,34,0,0,26,0.05,0.05,50,14.6,106.8493,10.274,117.1233,Card XP is shared inventory; do not add this column for multiple characters
frontier_with_20_percent_failures,36,10,9,0.8,0.923998,0.75,1.0,90,0,0,83,0.1,0.1,50,19.25,258.7013,15.5844,274.2857,Card XP is shared inventory; do not add this column for multiple characters
far_old_stage8_with_reward_ad,8,10,2,2,1.292481,0.75,0.133484,34,1,0,12.4,0.05,0.14,50,40.4,18.4158,10.396,28.8119,Card XP is shared inventory; do not add this column for multiple characters
frontier_with_reward_ad,36,10,9,0.8,0.923998,0.75,1.0,90,1,0,207.2,0.1,0.28,50,48.25,257.658,17.4093,275.0674,Card XP is shared inventory; do not add this column for multiple characters
boss32_repeat_with_reward_ad,32,10,8,0.8,0.923998,0.75,0.75,246,1,0,425.0,0.25,0.7,50,95.2,267.8571,22.0588,289.916,Card XP is shared inventory; do not add this column for multiple characters
direct_ad_stage4_no_level_correction,4,10,1,,1,0.75,1,26,0,1,26,0,0,50,36.4,42.8571,0.0,42.8571,Card XP is shared inventory; do not add this column for multiple characters
direct_ad_stage4_with_level_correction_not_adopted_comparison,4,10,1,,1,0.75,0.100113,26,0,1,2,0,0,50,36.4,3.2967,0.0,3.2967,Card XP is shared inventory; do not add this column for multiple characters
direct_ad_stage36_no_score,36,10,9,,1,0.75,1,90,0,1,90,0.1,0.1,50,36.4,148.3516,8.2418,156.5934,Card XP is shared inventory; do not add this column for multiple characters
direct_ad_stage36_then_reward_ad,36,10,9,,1,0.75,1,90,1,1,225.0,0.1,0.28,50,68.4,197.3684,12.2807,209.6491,Card XP is shared inventory; do not add this column for multiple characters
