scenario,stage,action,role,target,raw_damage,effective_damage,restored_enemy_hp,incoming_w,incoming_m,w_hp,m_hp,enemy_hp,enemy_actions
guided_no_ads_no_cards,1,1,W,A,20,15,0,5,0,95.0,,A:0;B:15,B:W:5
guided_no_ads_no_cards,1,2,W,B,20,15,0,0,0,95.0,,A:0;B:0,
guided_no_ads_no_cards,2,1,W,A,20,15,0,5,0,95.0,,A:0;B:15,B:W:5
guided_no_ads_no_cards,2,2,W,B,20,15,0,0,0,95.0,,A:0;B:0,
guided_no_ads_no_cards,3,1,W,A,16,16,0,5,0,95.0,,A:4;B:15,A:charge;B:W:5
guided_no_ads_no_cards,3,2,W,A,16,4,0,5,0,90.0,,A:0;B:15,B:W:5
guided_no_ads_no_cards,3,3,W,B,20,15,0,0,0,90.0,,A:0;B:0,
guided_no_ads_no_cards,4,1,W,A,21,15,0,5,0,103.0,,A:0;B:20;C:15,B:charge;C:W:5
guided_no_ads_no_cards,4,2,W,B,17,17,0,16,0,87.0,,A:0;B:3;C:15,B:W:11;C:W:5
guided_no_ads_no_cards,4,3,W,B,17,3,0,5,0,82.0,,A:0;B:0;C:15,C:W:5
guided_no_ads_no_cards,4,4,W,C,21,15,0,0,0,82.0,,A:0;B:0;C:0,
guided_no_ads_no_cards,5,1,W,A,21,15,0,6,0,102.0,,A:0;B:15;C:21,B:W:6;C:charge
guided_no_ads_no_cards,5,2,W,B,21,15,0,13,0,89.0,,A:0;B:0;C:21,C:W:13
guided_no_ads_no_cards,5,3,W,C,17,17,0,0,0,89.0,,A:0;B:0;C:4,C:charge
guided_no_ads_no_cards,5,4,W,C,17,4,0,0,0,89.0,,A:0;B:0;C:0,
guided_no_ads_no_cards,6,1,W,A,22,15,0,12,0,104.0,,A:0;B:18;C:15,B:W:6;C:W:6
guided_no_ads_no_cards,6,2,W,B,11,11,0,12,0,92.0,,A:0;B:7;C:15,B:W:6;C:W:6
guided_no_ads_no_cards,6,3,W,B,11,7,0,6,0,86.0,,A:0;B:0;C:15,C:W:6
guided_no_ads_no_cards,6,4,W,C,22,15,0,0,0,86.0,,A:0;B:0;C:0,
guided_no_ads_no_cards,7,1,W,A,22,15,0,12,0,104.0,,A:0;B:19;C:15,B:W:6;C:W:6
guided_no_ads_no_cards,7,2,W,B,7,7,0,12,0,92.0,,A:0;B:12;C:15,B:W:6;C:W:6
guided_no_ads_no_cards,7,3,W,B,7,7,0,12,0,80.0,,A:0;B:5;C:15,B:W:6;C:W:6
guided_no_ads_no_cards,7,4,W,B,7,5,0,6,0,74.0,,A:0;B:0;C:15,C:W:6
guided_no_ads_no_cards,7,5,W,C,22,15,0,0,0,74.0,,A:0;B:0;C:0,
guided_no_ads_no_cards,8,1,W,A,22,16,0,15,0,101.0,,A:0;B:20;C:16,B:W:8;C:W:7
guided_no_ads_no_cards,8,2,W,B,5,5,0,15,0,86.0,,A:0;B:15;C:16,B:W:8;C:W:7
guided_no_ads_no_cards,8,3,W,B,5,5,0,15,0,71.0,,A:0;B:10;C:16,B:W:8;C:W:7
guided_no_ads_no_cards,8,4,W,B,5,5,0,15,0,56.0,,A:0;B:5;C:16,B:W:8;C:W:7
guided_no_ads_no_cards,8,5,W,B,5,5,0,7,0,49.0,,A:0;B:0;C:16,C:W:7
guided_no_ads_no_cards,8,6,W,C,22,16,0,0,0,49.0,,A:0;B:0;C:0,
guided_no_ads_no_cards,9,1,M,B,23,20,0,14,0,110.0,83.52,A:16;B:0;C:16,A:W:7;C:W:7
guided_no_ads_no_cards,9,2,W,A,23,16,0,7,0,103.0,83.52,A:0;B:0;C:16,C:W:7
guided_no_ads_no_cards,9,3,W,C,23,16,0,0,0,103.0,83.52,A:0;B:0;C:0,
guided_no_ads_no_cards,10,1,M,B,24,15,0,14,0,110.0,83.52,A:16;B:0;C:16,A:W:7;C:W:7
guided_no_ads_no_cards,10,2,W,A,23,16,0,7,0,103.0,83.52,A:0;B:0;C:16,C:W:7
guided_no_ads_no_cards,10,3,W,C,23,16,0,0,0,103.0,83.52,A:0;B:0;C:0,
guided_no_ads_no_cards,11,1,W,A,23,17,0,9,0,115.0,83.52,A:0;B:20;C:16,B:W:9;C:aim
guided_no_ads_no_cards,11,2,M,C,24,16,0,9,0,106.0,83.52,A:0;B:20;C:0,B:W:9
guided_no_ads_no_cards,11,3,M,B,23,20,0,0,0,106.0,83.52,A:0;B:0;C:0,
guided_no_ads_no_cards,12,1,W,A,23,17,0,3,0,121.0,83.52,A:0;B:16;C:32,B:W:3;C:charge
guided_no_ads_no_cards,12,2,M,B,24,16,0,18,0,103.0,83.52,A:0;B:0;C:32,C:W:18
guided_no_ads_no_cards,12,3,W,C,19,19,0,0,0,103.0,83.52,A:0;B:0;C:13,C:charge
guided_no_ads_no_cards,12,4,W,C,19,13,0,0,0,103.0,83.52,A:0;B:0;C:0,
guided_no_ads_no_cards,13,1,M,B,25,16,0,16,0,116.0,89.28,A:20;B:0;C:17,A:W:8;C:W:8
guided_no_ads_no_cards,13,2,M,A,24,20,0,8,0,108.0,89.28,A:0;B:0;C:17,C:W:8
guided_no_ads_no_cards,13,3,W,C,24,17,0,0,0,108.0,89.28,A:0;B:0;C:0,
guided_no_ads_no_cards,14,1,M,B,25,17,0,9,0,123.0,89.28,A:24;B:0;C:18,A:charge;C:W:9
guided_no_ads_no_cards,14,2,W,A,20,20,0,29,0,94.0,89.28,A:4;B:0;C:18,A:W:20;C:W:9
guided_no_ads_no_cards,14,3,W,A,20,4,0,9,0,85.0,89.28,A:0;B:0;C:18,C:W:9
guided_no_ads_no_cards,14,4,W,C,24,18,0,0,0,85.0,89.28,A:0;B:0;C:0,
guided_no_ads_no_cards,15,1,W,A,24,18,0,10,0,122.0,89.28,A:0;B:20;C:17,B:W:10;C:aim
guided_no_ads_no_cards,15,2,M,C,25,17,0,10,0,112.0,89.28,A:0;B:20;C:0,B:W:10
guided_no_ads_no_cards,15,3,M,B,24,20,0,0,0,112.0,89.28,A:0;B:0;C:0,
mage_heavy_no_cards,1,1,W,A,20,15,0,5,0,95.0,,A:0;B:15,B:W:5
mage_heavy_no_cards,1,2,W,B,20,15,0,0,0,95.0,,A:0;B:0,
mage_heavy_no_cards,2,1,W,A,20,15,0,5,0,95.0,,A:0;B:15,B:W:5
mage_heavy_no_cards,2,2,W,B,20,15,0,0,0,95.0,,A:0;B:0,
mage_heavy_no_cards,3,1,W,A,16,16,0,5,0,95.0,,A:4;B:15,A:charge;B:W:5
mage_heavy_no_cards,3,2,W,A,16,4,0,5,0,90.0,,A:0;B:15,B:W:5
mage_heavy_no_cards,3,3,W,B,20,15,0,0,0,90.0,,A:0;B:0,
mage_heavy_no_cards,4,1,W,A,21,15,0,5,0,103.0,,A:0;B:20;C:15,B:charge;C:W:5
mage_heavy_no_cards,4,2,W,B,17,17,0,16,0,87.0,,A:0;B:3;C:15,B:W:11;C:W:5
mage_heavy_no_cards,4,3,W,B,17,3,0,5,0,82.0,,A:0;B:0;C:15,C:W:5
mage_heavy_no_cards,4,4,W,C,21,15,0,0,0,82.0,,A:0;B:0;C:0,
mage_heavy_no_cards,5,1,W,A,21,15,0,6,0,102.0,,A:0;B:15;C:21,B:W:6;C:charge
mage_heavy_no_cards,5,2,W,B,21,15,0,13,0,89.0,,A:0;B:0;C:21,C:W:13
mage_heavy_no_cards,5,3,W,C,17,17,0,0,0,89.0,,A:0;B:0;C:4,C:charge
mage_heavy_no_cards,5,4,W,C,17,4,0,0,0,89.0,,A:0;B:0;C:0,
mage_heavy_no_cards,6,1,W,A,22,15,0,12,0,104.0,,A:0;B:18;C:15,B:W:6;C:W:6
mage_heavy_no_cards,6,2,W,B,11,11,0,12,0,92.0,,A:0;B:7;C:15,B:W:6;C:W:6
mage_heavy_no_cards,6,3,W,B,11,7,0,6,0,86.0,,A:0;B:0;C:15,C:W:6
mage_heavy_no_cards,6,4,W,C,22,15,0,0,0,86.0,,A:0;B:0;C:0,
mage_heavy_no_cards,7,1,W,A,22,15,0,12,0,104.0,,A:0;B:19;C:15,B:W:6;C:W:6
mage_heavy_no_cards,7,2,W,B,7,7,0,12,0,92.0,,A:0;B:12;C:15,B:W:6;C:W:6
mage_heavy_no_cards,7,3,W,B,7,7,0,12,0,80.0,,A:0;B:5;C:15,B:W:6;C:W:6
mage_heavy_no_cards,7,4,W,B,7,5,0,6,0,74.0,,A:0;B:0;C:15,C:W:6
mage_heavy_no_cards,7,5,W,C,22,15,0,0,0,74.0,,A:0;B:0;C:0,
mage_heavy_no_cards,8,1,W,A,22,16,0,15,0,101.0,,A:0;B:20;C:16,B:W:8;C:W:7
mage_heavy_no_cards,8,2,W,B,5,5,0,15,0,86.0,,A:0;B:15;C:16,B:W:8;C:W:7
mage_heavy_no_cards,8,3,W,B,5,5,0,15,0,71.0,,A:0;B:10;C:16,B:W:8;C:W:7
mage_heavy_no_cards,8,4,W,B,5,5,0,15,0,56.0,,A:0;B:5;C:16,B:W:8;C:W:7
mage_heavy_no_cards,8,5,W,B,5,5,0,7,0,49.0,,A:0;B:0;C:16,C:W:7
mage_heavy_no_cards,8,6,W,C,22,16,0,0,0,49.0,,A:0;B:0;C:0,
mage_heavy_no_cards,9,1,M,B,23,20,0,14,0,110.0,83.52,A:16;B:0;C:16,A:W:7;C:W:7
mage_heavy_no_cards,9,2,M,A,24,16,0,7,0,103.0,83.52,A:0;B:0;C:16,C:W:7
mage_heavy_no_cards,9,3,M,C,24,16,0,0,0,103.0,83.52,A:0;B:0;C:0,
mage_heavy_no_cards,10,1,M,B,24,15,0,14,0,110.0,83.52,A:16;B:0;C:16,A:W:7;C:W:7
mage_heavy_no_cards,10,2,M,A,24,16,0,7,0,103.0,83.52,A:0;B:0;C:16,C:W:7
mage_heavy_no_cards,10,3,M,C,24,16,0,0,0,103.0,83.52,A:0;B:0;C:0,
mage_heavy_no_cards,11,1,M,A,24,17,0,9,0,115.0,83.52,A:0;B:20;C:16,B:W:9;C:aim
mage_heavy_no_cards,11,2,M,C,24,16,0,9,0,106.0,83.52,A:0;B:20;C:0,B:W:9
mage_heavy_no_cards,11,3,M,B,23,20,0,0,0,106.0,83.52,A:0;B:0;C:0,
mage_heavy_no_cards,12,1,M,A,25,17,0,3,0,121.0,89.28,A:0;B:16;C:32,B:W:3;C:charge
mage_heavy_no_cards,12,2,M,B,25,16,0,18,0,103.0,89.28,A:0;B:0;C:32,C:W:18
mage_heavy_no_cards,12,3,M,C,25,25,0,0,0,103.0,89.28,A:0;B:0;C:7,C:charge
mage_heavy_no_cards,12,4,M,C,25,7,0,0,0,103.0,89.28,A:0;B:0;C:0,
mage_heavy_no_cards,13,1,M,B,25,16,0,17,0,107.0,89.28,A:20;B:0;C:17,A:W:9;C:W:8
mage_heavy_no_cards,13,2,M,A,24,20,0,8,0,99.0,89.28,A:0;B:0;C:17,C:W:8
mage_heavy_no_cards,13,3,M,C,25,17,0,0,0,99.0,89.28,A:0;B:0;C:0,
mage_heavy_no_cards,14,1,M,B,25,17,0,9,0,115.0,89.28,A:24;B:0;C:18,A:charge;C:W:9
mage_heavy_no_cards,14,2,M,A,25,24,0,9,0,106.0,89.28,A:0;B:0;C:18,C:W:9
mage_heavy_no_cards,14,3,M,C,25,18,0,0,0,106.0,89.28,A:0;B:0;C:0,
mage_heavy_no_cards,15,1,M,A,27,18,0,10,0,114.0,95.04,A:0;B:20;C:17,B:W:10;C:aim
mage_heavy_no_cards,15,2,M,C,27,17,0,10,0,104.0,95.04,A:0;B:20;C:0,B:W:10
mage_heavy_no_cards,15,3,M,B,25,20,0,0,0,104.0,95.04,A:0;B:0;C:0,
mage_heavy_manual_one_card,1,1,W,A,20,15,0,5,0,95.0,,A:0;B:15,B:W:5
mage_heavy_manual_one_card,1,2,W,B,20,15,0,0,0,95.0,,A:0;B:0,
mage_heavy_manual_one_card,2,1,W,A,20,15,0,5,0,95.0,,A:0;B:15,B:W:5
mage_heavy_manual_one_card,2,2,W,B,20,15,0,0,0,95.0,,A:0;B:0,
mage_heavy_manual_one_card,3,1,W,A,16,16,0,5,0,95.0,,A:4;B:15,A:charge;B:W:5
mage_heavy_manual_one_card,3,2,W,A,16,4,0,5,0,90.0,,A:0;B:15,B:W:5
mage_heavy_manual_one_card,3,3,W,B,20,15,0,0,0,90.0,,A:0;B:0,
mage_heavy_manual_one_card,4,1,W,A,21,15,0,5,0,103.0,,A:0;B:20;C:15,B:charge;C:W:5
mage_heavy_manual_one_card,4,2,W,B,17,17,0,16,0,87.0,,A:0;B:3;C:15,B:W:11;C:W:5
mage_heavy_manual_one_card,4,3,W,B,17,3,0,5,0,82.0,,A:0;B:0;C:15,C:W:5
mage_heavy_manual_one_card,4,4,W,C,21,15,0,0,0,82.0,,A:0;B:0;C:0,
mage_heavy_manual_one_card,5,1,W,A,21,15,0,6,0,102.0,,A:0;B:15;C:21,B:W:6;C:charge
mage_heavy_manual_one_card,5,2,W,B,21,15,0,13,0,89.0,,A:0;B:0;C:21,C:W:13
mage_heavy_manual_one_card,5,3,W,C,17,17,0,0,0,89.0,,A:0;B:0;C:4,C:charge
mage_heavy_manual_one_card,5,4,W,C,17,4,0,0,0,89.0,,A:0;B:0;C:0,
mage_heavy_manual_one_card,6,1,W,A,22,15,0,12,0,104.0,,A:0;B:18;C:15,B:W:6;C:W:6
mage_heavy_manual_one_card,6,2,W,B,11,11,0,12,0,92.0,,A:0;B:7;C:15,B:W:6;C:W:6
mage_heavy_manual_one_card,6,3,W,B,11,7,0,6,0,86.0,,A:0;B:0;C:15,C:W:6
mage_heavy_manual_one_card,6,4,W,C,22,15,0,0,0,86.0,,A:0;B:0;C:0,
mage_heavy_manual_one_card,7,1,W,A,22,15,0,12,0,104.0,,A:0;B:19;C:15,B:W:6;C:W:6
mage_heavy_manual_one_card,7,2,W,B,7,7,0,12,0,92.0,,A:0;B:12;C:15,B:W:6;C:W:6
mage_heavy_manual_one_card,7,3,W,B,7,7,0,12,0,80.0,,A:0;B:5;C:15,B:W:6;C:W:6
mage_heavy_manual_one_card,7,4,W,B,7,5,0,6,0,74.0,,A:0;B:0;C:15,C:W:6
mage_heavy_manual_one_card,7,5,W,C,22,15,0,0,0,74.0,,A:0;B:0;C:0,
mage_heavy_manual_one_card,8,1,W,A,22,16,0,15,0,101.0,,A:0;B:20;C:16,B:W:8;C:W:7
mage_heavy_manual_one_card,8,2,W,B,5,5,0,15,0,86.0,,A:0;B:15;C:16,B:W:8;C:W:7
mage_heavy_manual_one_card,8,3,W,B,5,5,0,15,0,71.0,,A:0;B:10;C:16,B:W:8;C:W:7
mage_heavy_manual_one_card,8,4,W,B,5,5,0,15,0,56.0,,A:0;B:5;C:16,B:W:8;C:W:7
mage_heavy_manual_one_card,8,5,W,B,5,5,0,7,0,49.0,,A:0;B:0;C:16,C:W:7
mage_heavy_manual_one_card,8,6,W,C,22,16,0,0,0,49.0,,A:0;B:0;C:0,
mage_heavy_manual_one_card,9,1,M,B,23,20,0,14,0,110.0,83.52,A:16;B:0;C:16,A:W:7;C:W:7
mage_heavy_manual_one_card,9,2,M,A,24,16,0,7,0,103.0,83.52,A:0;B:0;C:16,C:W:7
mage_heavy_manual_one_card,9,3,M,C,24,16,0,0,0,103.0,83.52,A:0;B:0;C:0,
mage_heavy_manual_one_card,10,1,M,B,24,15,0,14,0,110.0,83.52,A:16;B:0;C:16,A:W:7;C:W:7
mage_heavy_manual_one_card,10,2,M,A,24,16,0,7,0,103.0,83.52,A:0;B:0;C:16,C:W:7
mage_heavy_manual_one_card,10,3,M,C,24,16,0,0,0,103.0,83.52,A:0;B:0;C:0,
mage_heavy_manual_one_card,11,1,M,A,24,17,0,9,0,115.0,83.52,A:0;B:20;C:16,B:W:9;C:aim
mage_heavy_manual_one_card,11,2,M,C,24,16,0,9,0,106.0,83.52,A:0;B:20;C:0,B:W:9
mage_heavy_manual_one_card,11,3,M,B,23,20,0,0,0,106.0,83.52,A:0;B:0;C:0,
mage_heavy_manual_one_card,12,1,M,A,25,17,0,3,0,121.0,89.28,A:0;B:16;C:32,B:W:3;C:charge
mage_heavy_manual_one_card,12,2,M,B,25,16,0,18,0,103.0,89.28,A:0;B:0;C:32,C:W:18
mage_heavy_manual_one_card,12,3,M,C,25,25,0,0,0,103.0,89.28,A:0;B:0;C:7,C:charge
mage_heavy_manual_one_card,12,4,M,C,25,7,0,0,0,103.0,89.28,A:0;B:0;C:0,
mage_heavy_manual_one_card,13,1,M,B,25,16,0,17,0,107.0,89.28,A:20;B:0;C:17,A:W:9;C:W:8
mage_heavy_manual_one_card,13,2,M,A,24,20,0,8,0,99.0,89.28,A:0;B:0;C:17,C:W:8
mage_heavy_manual_one_card,13,3,M,C,25,17,0,0,0,99.0,89.28,A:0;B:0;C:0,
mage_heavy_manual_one_card,14,1,M,B,25,17,0,9,0,115.0,89.28,A:24;B:0;C:18,A:charge;C:W:9
mage_heavy_manual_one_card,14,2,M,A,25,24,0,9,0,106.0,89.28,A:0;B:0;C:18,C:W:9
mage_heavy_manual_one_card,14,3,M,C,25,18,0,0,0,106.0,89.28,A:0;B:0;C:0,
mage_heavy_manual_one_card,15,1,M,A,27,18,0,10,0,114.0,95.04,A:0;B:20;C:17,B:W:10;C:aim
mage_heavy_manual_one_card,15,2,M,C,27,17,0,10,0,104.0,95.04,A:0;B:20;C:0,B:W:10
mage_heavy_manual_one_card,15,3,M,B,25,20,0,0,0,104.0,95.04,A:0;B:0;C:0,
guided_proof_saved,1,1,W,A,20,15,0,5,0,95.0,,A:0;B:15,B:W:5
guided_proof_saved,1,2,W,B,20,15,0,0,0,95.0,,A:0;B:0,
guided_proof_saved,2,1,W,A,20,15,0,5,0,95.0,,A:0;B:15,B:W:5
guided_proof_saved,2,2,W,B,20,15,0,0,0,95.0,,A:0;B:0,
guided_proof_saved,3,1,W,A,16,16,0,5,0,95.0,,A:4;B:15,A:charge;B:W:5
guided_proof_saved,3,2,W,A,16,4,0,5,0,90.0,,A:0;B:15,B:W:5
guided_proof_saved,3,3,W,B,20,15,0,0,0,90.0,,A:0;B:0,
guided_proof_saved,4,1,W,A,21,15,0,5,0,103.0,,A:0;B:20;C:15,B:charge;C:W:5
guided_proof_saved,4,2,W,B,17,17,0,16,0,87.0,,A:0;B:3;C:15,B:W:11;C:W:5
guided_proof_saved,4,3,W,B,17,3,0,5,0,82.0,,A:0;B:0;C:15,C:W:5
guided_proof_saved,4,4,W,C,21,15,0,0,0,82.0,,A:0;B:0;C:0,
guided_proof_saved,5,1,W,A,21,15,0,6,0,102.0,,A:0;B:15;C:21,B:W:6;C:charge
guided_proof_saved,5,2,W,B,21,15,0,13,0,89.0,,A:0;B:0;C:21,C:W:13
guided_proof_saved,5,3,W,C,17,17,0,0,0,89.0,,A:0;B:0;C:4,C:charge
guided_proof_saved,5,4,W,C,17,4,0,0,0,89.0,,A:0;B:0;C:0,
guided_proof_saved,6,1,W,A,22,15,0,12,0,104.0,,A:0;B:18;C:15,B:W:6;C:W:6
guided_proof_saved,6,2,W,B,11,11,0,12,0,92.0,,A:0;B:7;C:15,B:W:6;C:W:6
guided_proof_saved,6,3,W,B,11,7,0,6,0,86.0,,A:0;B:0;C:15,C:W:6
guided_proof_saved,6,4,W,C,22,15,0,0,0,86.0,,A:0;B:0;C:0,
guided_proof_saved,7,1,W,A,22,15,0,12,0,104.0,,A:0;B:19;C:15,B:W:6;C:W:6
guided_proof_saved,7,2,W,B,7,7,0,12,0,92.0,,A:0;B:12;C:15,B:W:6;C:W:6
guided_proof_saved,7,3,W,B,7,7,0,12,0,80.0,,A:0;B:5;C:15,B:W:6;C:W:6
guided_proof_saved,7,4,W,B,7,5,0,6,0,74.0,,A:0;B:0;C:15,C:W:6
guided_proof_saved,7,5,W,C,22,15,0,0,0,74.0,,A:0;B:0;C:0,
guided_proof_saved,8,1,W,A,22,16,0,15,0,101.0,,A:0;B:20;C:16,B:W:8;C:W:7
guided_proof_saved,8,2,W,B,5,5,0,15,0,86.0,,A:0;B:15;C:16,B:W:8;C:W:7
guided_proof_saved,8,3,W,B,5,5,0,15,0,71.0,,A:0;B:10;C:16,B:W:8;C:W:7
guided_proof_saved,8,4,W,B,5,5,0,15,0,56.0,,A:0;B:5;C:16,B:W:8;C:W:7
guided_proof_saved,8,5,W,B,5,5,0,7,0,49.0,,A:0;B:0;C:16,C:W:7
guided_proof_saved,8,6,W,C,22,16,0,0,0,49.0,,A:0;B:0;C:0,
guided_proof_saved,9,1,M,B,23,20,0,14,0,110.0,83.52,A:16;B:0;C:16,A:W:7;C:W:7
guided_proof_saved,9,2,W,A,23,16,0,7,0,103.0,83.52,A:0;B:0;C:16,C:W:7
guided_proof_saved,9,3,W,C,23,16,0,0,0,103.0,83.52,A:0;B:0;C:0,
guided_proof_saved,10,1,M,B,24,15,0,14,0,110.0,83.52,A:16;B:0;C:16,A:W:7;C:W:7
guided_proof_saved,10,2,W,A,23,16,0,7,0,103.0,83.52,A:0;B:0;C:16,C:W:7
guided_proof_saved,10,3,W,C,23,16,0,0,0,103.0,83.52,A:0;B:0;C:0,
guided_proof_saved,11,1,W,A,23,17,0,9,0,115.0,83.52,A:0;B:20;C:16,B:W:9;C:aim
guided_proof_saved,11,2,M,C,24,16,0,9,0,106.0,83.52,A:0;B:20;C:0,B:W:9
guided_proof_saved,11,3,M,B,23,20,0,0,0,106.0,83.52,A:0;B:0;C:0,
guided_proof_saved,12,1,W,A,23,17,0,3,0,121.0,83.52,A:0;B:16;C:32,B:W:3;C:charge
guided_proof_saved,12,2,M,B,24,16,0,18,0,103.0,83.52,A:0;B:0;C:32,C:W:18
guided_proof_saved,12,3,W,C,19,19,0,0,0,103.0,83.52,A:0;B:0;C:13,C:charge
guided_proof_saved,12,4,W,C,19,13,0,0,0,103.0,83.52,A:0;B:0;C:0,
guided_proof_saved,13,1,M,B,25,16,0,16,0,116.0,89.28,A:20;B:0;C:17,A:W:8;C:W:8
guided_proof_saved,13,2,M,A,24,20,0,8,0,108.0,89.28,A:0;B:0;C:17,C:W:8
guided_proof_saved,13,3,W,C,24,17,0,0,0,108.0,89.28,A:0;B:0;C:0,
guided_proof_saved,14,1,M,B,25,17,0,9,0,123.0,89.28,A:24;B:0;C:18,A:charge;C:W:9
guided_proof_saved,14,2,W,A,20,20,0,29,0,94.0,89.28,A:4;B:0;C:18,A:W:20;C:W:9
guided_proof_saved,14,3,W,A,20,4,0,9,0,85.0,89.28,A:0;B:0;C:18,C:W:9
guided_proof_saved,14,4,W,C,24,18,0,0,0,85.0,89.28,A:0;B:0;C:0,
guided_proof_saved,15,1,W,A,24,18,0,10,0,122.0,89.28,A:0;B:20;C:17,B:W:10;C:aim
guided_proof_saved,15,2,M,C,25,17,0,10,0,112.0,89.28,A:0;B:20;C:0,B:W:10
guided_proof_saved,15,3,M,B,24,20,0,0,0,112.0,89.28,A:0;B:0;C:0,
every_win_reward_2_5_no_cards,1,1,W,A,20,15,0,5,0,95.0,,A:0;B:15,B:W:5
every_win_reward_2_5_no_cards,1,2,W,B,20,15,0,0,0,95.0,,A:0;B:0,
every_win_reward_2_5_no_cards,2,1,W,A,21,15,0,5,0,103.0,,A:0;B:15,B:W:5
every_win_reward_2_5_no_cards,2,2,W,B,21,15,0,0,0,103.0,,A:0;B:0,
every_win_reward_2_5_no_cards,3,1,W,A,17,17,0,5,0,103.0,,A:3;B:15,A:charge;B:W:5
every_win_reward_2_5_no_cards,3,2,W,A,17,3,0,5,0,98.0,,A:0;B:15,B:W:5
every_win_reward_2_5_no_cards,3,3,W,B,21,15,0,0,0,98.0,,A:0;B:0,
every_win_reward_2_5_no_cards,4,1,W,A,22,15,0,5,0,111.0,,A:0;B:20;C:15,B:charge;C:W:5
every_win_reward_2_5_no_cards,4,2,W,B,18,18,0,16,0,95.0,,A:0;B:2;C:15,B:W:11;C:W:5
every_win_reward_2_5_no_cards,4,3,W,B,18,2,0,5,0,90.0,,A:0;B:0;C:15,C:W:5
every_win_reward_2_5_no_cards,4,4,W,C,22,15,0,0,0,90.0,,A:0;B:0;C:0,
every_win_reward_2_5_no_cards,5,1,W,A,23,15,0,6,0,118.0,,A:0;B:15;C:21,B:W:6;C:charge
every_win_reward_2_5_no_cards,5,2,W,B,23,15,0,13,0,105.0,,A:0;B:0;C:21,C:W:13
every_win_reward_2_5_no_cards,5,3,W,C,19,19,0,0,0,105.0,,A:0;B:0;C:2,C:charge
every_win_reward_2_5_no_cards,5,4,W,C,19,2,0,0,0,105.0,,A:0;B:0;C:0,
every_win_reward_2_5_no_cards,6,1,W,A,23,15,0,12,0,112.0,,A:0;B:18;C:15,B:W:6;C:W:6
every_win_reward_2_5_no_cards,6,2,W,B,11,11,0,12,0,100.0,,A:0;B:7;C:15,B:W:6;C:W:6
every_win_reward_2_5_no_cards,6,3,W,B,11,7,0,6,0,94.0,,A:0;B:0;C:15,C:W:6
every_win_reward_2_5_no_cards,6,4,W,C,23,15,0,0,0,94.0,,A:0;B:0;C:0,
every_win_reward_2_5_no_cards,7,1,W,A,23,15,0,12,0,112.0,,A:0;B:19;C:15,B:W:6;C:W:6
every_win_reward_2_5_no_cards,7,2,W,B,7,7,0,12,0,100.0,,A:0;B:12;C:15,B:W:6;C:W:6
every_win_reward_2_5_no_cards,7,3,W,B,7,7,0,12,0,88.0,,A:0;B:5;C:15,B:W:6;C:W:6
every_win_reward_2_5_no_cards,7,4,W,B,7,5,0,6,0,82.0,,A:0;B:0;C:15,C:W:6
every_win_reward_2_5_no_cards,7,5,W,C,23,15,0,0,0,82.0,,A:0;B:0;C:0,
every_win_reward_2_5_no_cards,8,1,W,A,24,16,0,14,0,118.0,,A:0;B:20;C:16,B:W:7;C:W:7
every_win_reward_2_5_no_cards,8,2,W,B,6,6,0,14,0,104.0,,A:0;B:14;C:16,B:W:7;C:W:7
every_win_reward_2_5_no_cards,8,3,W,B,6,6,0,14,0,90.0,,A:0;B:8;C:16,B:W:7;C:W:7
every_win_reward_2_5_no_cards,8,4,W,B,6,6,0,14,0,76.0,,A:0;B:2;C:16,B:W:7;C:W:7
every_win_reward_2_5_no_cards,8,5,W,B,6,2,0,7,0,69.0,,A:0;B:0;C:16,C:W:7
every_win_reward_2_5_no_cards,8,6,W,C,24,16,0,0,0,69.0,,A:0;B:0;C:0,
every_win_reward_2_5_no_cards,9,1,M,B,23,20,0,14,0,118.0,83.52,A:16;B:0;C:16,A:W:7;C:W:7
every_win_reward_2_5_no_cards,9,2,W,A,24,16,0,7,0,111.0,83.52,A:0;B:0;C:16,C:W:7
every_win_reward_2_5_no_cards,9,3,W,C,24,16,0,0,0,111.0,83.52,A:0;B:0;C:0,
every_win_reward_2_5_no_cards,10,1,M,B,24,15,0,14,0,118.0,83.52,A:16;B:0;C:16,A:W:7;C:W:7
every_win_reward_2_5_no_cards,10,2,W,A,24,16,0,7,0,111.0,83.52,A:0;B:0;C:16,C:W:7
every_win_reward_2_5_no_cards,10,3,W,C,24,16,0,0,0,111.0,83.52,A:0;B:0;C:0,
every_win_reward_2_5_no_cards,11,1,W,A,26,17,0,8,0,132.0,89.28,A:0;B:20;C:16,B:W:8;C:aim
every_win_reward_2_5_no_cards,11,2,M,C,25,16,0,8,0,124.0,89.28,A:0;B:20;C:0,B:W:8
every_win_reward_2_5_no_cards,11,3,M,B,24,20,0,0,0,124.0,89.28,A:0;B:0;C:0,
every_win_reward_2_5_no_cards,12,1,W,A,26,17,0,3,0,137.0,89.28,A:0;B:16;C:32,B:W:3;C:charge
every_win_reward_2_5_no_cards,12,2,M,B,25,16,0,17,0,120.0,89.28,A:0;B:0;C:32,C:W:17
every_win_reward_2_5_no_cards,12,3,W,C,21,21,0,0,0,120.0,89.28,A:0;B:0;C:11,C:charge
every_win_reward_2_5_no_cards,12,4,W,C,21,11,0,0,0,120.0,89.28,A:0;B:0;C:0,
every_win_reward_2_5_no_cards,13,1,M,B,27,16,0,16,0,124.0,95.04,A:20;B:0;C:17,A:W:8;C:W:8
every_win_reward_2_5_no_cards,13,2,M,A,25,20,0,8,0,116.0,95.04,A:0;B:0;C:17,C:W:8
every_win_reward_2_5_no_cards,13,3,W,C,26,17,0,0,0,116.0,95.04,A:0;B:0;C:0,
every_win_reward_2_5_no_cards,14,1,M,B,27,17,0,9,0,139.0,95.04,A:24;B:0;C:18,A:charge;C:W:9
every_win_reward_2_5_no_cards,14,2,W,A,22,22,0,28,0,111.0,95.04,A:2;B:0;C:18,A:W:19;C:W:9
every_win_reward_2_5_no_cards,14,3,W,A,22,2,0,9,0,102.0,95.04,A:0;B:0;C:18,C:W:9
every_win_reward_2_5_no_cards,14,4,W,C,27,18,0,0,0,102.0,95.04,A:0;B:0;C:0,
every_win_reward_2_5_no_cards,15,1,W,A,27,18,0,9,0,139.0,100.8,A:0;B:20;C:17,B:W:9;C:aim
every_win_reward_2_5_no_cards,15,2,M,C,28,17,0,9,0,130.0,100.8,A:0;B:20;C:0,B:W:9
every_win_reward_2_5_no_cards,15,3,M,B,27,20,0,0,0,130.0,100.8,A:0;B:0;C:0,
