configuration,boss_ranged_attack,boss_melee_base_attack,scenario,warrior_level,mage_level,taunt_enabled,phase_1_actions,phase_2_actions,total_actions,warrior_max_hp,mage_max_hp,warrior_hp_remaining,mage_hp_remaining,warrior_damage_taken,mage_damage_taken,warrior_effective_damage,mage_effective_damage,warrior_effective_assist_events,mage_effective_assist_events,assist_score_per_effective_event_candidate,warrior_assist_contribution_candidate,mage_assist_contribution_candidate,reference_contribution_candidate,total_enemy_initial_hp,actual_shell_healing,healer_charges_spent,taunt_casts,phase_1_ranged_redirects,phase_2_ranged_redirects,taunts_wasted_during_charge_or_rest,warrior_hp_remaining_fraction,mage_hp_remaining_fraction,estimated_seconds_not_measured,outcome,scenario_meaning
candidate_r26_m12,26,12,clear_first_correct_taunt,5,4,1,6,5,11,132.0,89.28,28.0,89.28,104.0,0.0,79.0,127.0,3,0,13.0,39.0,0,103.0,206,0.0,0,3,2,1,0,0.21,1.0,53,both_alive_arithmetic_only,Clear both mechanics before wounding shell; save ready taunt for the ranged intent on both faces.
candidate_r26_m12,26,12,clear_first_correct_taunt,5,5,1,6,5,11,132.0,95.04,28.0,95.04,104.0,0.0,79.0,127.0,3,0,13.0,39.0,0,103.0,206,0.0,0,3,2,1,0,0.21,1.0,53,both_alive_arithmetic_only,Clear both mechanics before wounding shell; save ready taunt for the ranged intent on both faces.
candidate_r26_m12,26,12,clear_first_correct_taunt,7,6,1,6,5,11,148.0,100.8,47.0,100.8,101.0,0.0,83.0,123.0,3,0,13.0,39.0,0,103.0,206,0.0,0,3,2,1,0,0.32,1.0,53,both_alive_arithmetic_only,Clear both mechanics before wounding shell; save ready taunt for the ranged intent on both faces.
candidate_r26_m12,26,12,clear_first_correct_taunt,7,7,1,6,5,11,148.0,106.56,47.0,106.56,101.0,0.0,83.0,123.0,3,0,13.0,39.0,0,103.0,206,0.0,0,3,2,1,0,0.32,1.0,53,both_alive_arithmetic_only,Clear both mechanics before wounding shell; save ready taunt for the ranged intent on both faces.
candidate_r26_m12,26,12,leave_healer_one_real_heal,5,4,1,7,5,12,132.0,89.28,22.0,89.28,110.0,0.0,78.0,134.0,3,0,13.0,39.0,0,103.0,206,6.0,1,3,2,1,0,0.17,1.0,57,both_alive_arithmetic_only,Leave mechanic B alive through action 4: one actual shell heal. Clear it before the final shell hit.
candidate_r26_m12,26,12,leave_healer_one_real_heal,5,5,1,7,5,12,132.0,95.04,22.0,95.04,110.0,0.0,78.0,134.0,3,0,13.0,39.0,0,103.0,206,6.0,1,3,2,1,0,0.17,1.0,57,both_alive_arithmetic_only,Leave mechanic B alive through action 4: one actual shell heal. Clear it before the final shell hit.
candidate_r26_m12,26,12,leave_healer_one_real_heal,7,6,1,7,5,12,148.0,100.8,41.0,100.8,107.0,0.0,80.0,132.0,3,0,13.0,39.0,0,103.0,206,6.0,1,3,2,1,0,0.28,1.0,57,both_alive_arithmetic_only,Leave mechanic B alive through action 4: one actual shell heal. Clear it before the final shell hit.
candidate_r26_m12,26,12,leave_healer_one_real_heal,7,7,1,7,5,12,148.0,106.56,41.0,106.56,107.0,0.0,80.0,132.0,3,0,13.0,39.0,0,103.0,206,6.0,1,3,2,1,0,0.28,1.0,57,both_alive_arithmetic_only,Leave mechanic B alive through action 4: one actual shell heal. Clear it before the final shell hit.
candidate_r26_m12,26,12,waste_taunt_on_both_rests,5,4,1,6,5,11,132.0,89.28,72.0,43.28,60.0,46.0,85.0,121.0,1,0,13.0,13.0,0,103.0,206,0.0,0,3,1,0,2,0.55,0.48,53,both_alive_arithmetic_only,"Use warrior when ready during each rest, causing cooldown to prevent the immediately following ranged redirection."
candidate_r26_m12,26,12,waste_taunt_on_both_rests,5,5,1,6,5,11,132.0,95.04,72.0,49.04,60.0,46.0,85.0,121.0,1,0,13.0,13.0,0,103.0,206,0.0,0,3,1,0,2,0.55,0.52,53,both_alive_arithmetic_only,"Use warrior when ready during each rest, causing cooldown to prevent the immediately following ranged redirection."
candidate_r26_m12,26,12,waste_taunt_on_both_rests,7,6,1,6,5,11,148.0,100.8,89.0,54.8,59.0,46.0,89.0,117.0,1,0,13.0,13.0,0,103.0,206,0.0,0,3,1,0,2,0.6,0.54,53,both_alive_arithmetic_only,"Use warrior when ready during each rest, causing cooldown to prevent the immediately following ranged redirection."
candidate_r26_m12,26,12,waste_taunt_on_both_rests,7,7,1,6,5,11,148.0,106.56,89.0,60.56,59.0,46.0,89.0,117.0,1,0,13.0,13.0,0,103.0,206,0.0,0,3,1,0,2,0.6,0.57,53,both_alive_arithmetic_only,"Use warrior when ready during each rest, causing cooldown to prevent the immediately following ranged redirection."
candidate_r26_m12,26,12,miss_one_ranged_after_first_rest,5,4,1,6,5,11,132.0,89.28,50.0,66.28,82.0,23.0,79.0,127.0,2,0,13.0,26.0,0,103.0,206,0.0,0,3,1,1,1,0.38,0.74,53,both_alive_arithmetic_only,Waste taunt on the first face rest only; one ranged hit reaches the mage. Reserve taunt correctly on face two.
candidate_r26_m12,26,12,miss_one_ranged_after_first_rest,5,5,1,6,5,11,132.0,95.04,50.0,72.04,82.0,23.0,79.0,127.0,2,0,13.0,26.0,0,103.0,206,0.0,0,3,1,1,1,0.38,0.76,53,both_alive_arithmetic_only,Waste taunt on the first face rest only; one ranged hit reaches the mage. Reserve taunt correctly on face two.
candidate_r26_m12,26,12,miss_one_ranged_after_first_rest,7,6,1,6,5,11,148.0,100.8,68.0,77.8,80.0,23.0,83.0,123.0,2,0,13.0,26.0,0,103.0,206,0.0,0,3,1,1,1,0.46,0.77,53,both_alive_arithmetic_only,Waste taunt on the first face rest only; one ranged hit reaches the mage. Reserve taunt correctly on face two.
candidate_r26_m12,26,12,miss_one_ranged_after_first_rest,7,7,1,6,5,11,148.0,106.56,68.0,83.56,80.0,23.0,83.0,123.0,2,0,13.0,26.0,0,103.0,206,0.0,0,3,1,1,1,0.46,0.78,53,both_alive_arithmetic_only,Waste taunt on the first face rest only; one ranged hit reaches the mage. Reserve taunt correctly on face two.
candidate_r26_m12,26,12,no_taunt_clear_first,5,4,0,5,5,10,132.0,89.28,97.0,43.28,35.0,46.0,76.0,130.0,0,0,13.0,0.0,0,103.0,206,0.0,0,0,0,0,0,0.73,0.48,49,both_alive_arithmetic_only,Unlearned/unsused proof branch. No skill-only opening; accepts legal ranged hits on the mage.
candidate_r26_m12,26,12,no_taunt_clear_first,5,5,0,5,5,10,132.0,95.04,97.0,49.04,35.0,46.0,74.0,132.0,0,0,13.0,0.0,0,103.0,206,0.0,0,0,0,0,0,0.73,0.52,49,both_alive_arithmetic_only,Unlearned/unsused proof branch. No skill-only opening; accepts legal ranged hits on the mage.
candidate_r26_m12,26,12,no_taunt_clear_first,7,6,0,5,5,10,148.0,100.8,113.0,54.8,35.0,46.0,74.0,132.0,0,0,13.0,0.0,0,103.0,206,0.0,0,0,0,0,0,0.76,0.54,49,both_alive_arithmetic_only,Unlearned/unsused proof branch. No skill-only opening; accepts legal ranged hits on the mage.
candidate_r26_m12,26,12,no_taunt_clear_first,7,7,0,5,5,10,148.0,106.56,113.0,60.56,35.0,46.0,70.0,136.0,0,0,13.0,0.0,0,103.0,206,0.0,0,0,0,0,0,0.76,0.57,49,both_alive_arithmetic_only,Unlearned/unsused proof branch. No skill-only opening; accepts legal ranged hits on the mage.
historical_r16_m20,16,20,clear_first_correct_taunt,5,4,1,6,5,11,132.0,89.28,33.0,89.28,99.0,0.0,79.0,127.0,3,0,8.0,24.0,0,103.0,206,0.0,0,3,2,1,0,0.25,1.0,53,both_alive_arithmetic_only,Clear both mechanics before wounding shell; save ready taunt for the ranged intent on both faces.
historical_r16_m20,16,20,clear_first_correct_taunt,5,5,1,6,5,11,132.0,95.04,33.0,95.04,99.0,0.0,79.0,127.0,3,0,8.0,24.0,0,103.0,206,0.0,0,3,2,1,0,0.25,1.0,53,both_alive_arithmetic_only,Clear both mechanics before wounding shell; save ready taunt for the ranged intent on both faces.
historical_r16_m20,16,20,clear_first_correct_taunt,7,6,1,6,5,11,148.0,100.8,51.0,100.8,97.0,0.0,83.0,123.0,3,0,8.0,24.0,0,103.0,206,0.0,0,3,2,1,0,0.34,1.0,53,both_alive_arithmetic_only,Clear both mechanics before wounding shell; save ready taunt for the ranged intent on both faces.
historical_r16_m20,16,20,clear_first_correct_taunt,7,7,1,6,5,11,148.0,106.56,51.0,106.56,97.0,0.0,83.0,123.0,3,0,8.0,24.0,0,103.0,206,0.0,0,3,2,1,0,0.34,1.0,53,both_alive_arithmetic_only,Clear both mechanics before wounding shell; save ready taunt for the ranged intent on both faces.
historical_r16_m20,16,20,leave_healer_one_real_heal,5,4,1,7,5,12,132.0,89.28,27.0,89.28,105.0,0.0,78.0,134.0,3,0,8.0,24.0,0,103.0,206,6.0,1,3,2,1,0,0.2,1.0,57,both_alive_arithmetic_only,Leave mechanic B alive through action 4: one actual shell heal. Clear it before the final shell hit.
historical_r16_m20,16,20,leave_healer_one_real_heal,5,5,1,7,5,12,132.0,95.04,27.0,95.04,105.0,0.0,78.0,134.0,3,0,8.0,24.0,0,103.0,206,6.0,1,3,2,1,0,0.2,1.0,57,both_alive_arithmetic_only,Leave mechanic B alive through action 4: one actual shell heal. Clear it before the final shell hit.
historical_r16_m20,16,20,leave_healer_one_real_heal,7,6,1,7,5,12,148.0,100.8,45.0,100.8,103.0,0.0,80.0,132.0,3,0,8.0,24.0,0,103.0,206,6.0,1,3,2,1,0,0.3,1.0,57,both_alive_arithmetic_only,Leave mechanic B alive through action 4: one actual shell heal. Clear it before the final shell hit.
historical_r16_m20,16,20,leave_healer_one_real_heal,7,7,1,7,5,12,148.0,106.56,45.0,106.56,103.0,0.0,80.0,132.0,3,0,8.0,24.0,0,103.0,206,6.0,1,3,2,1,0,0.3,1.0,57,both_alive_arithmetic_only,Leave mechanic B alive through action 4: one actual shell heal. Clear it before the final shell hit.
historical_r16_m20,16,20,waste_taunt_on_both_rests,5,4,1,6,5,11,132.0,89.28,59.0,61.28,73.0,28.0,85.0,121.0,1,0,8.0,8.0,0,103.0,206,0.0,0,3,1,0,2,0.45,0.69,53,both_alive_arithmetic_only,"Use warrior when ready during each rest, causing cooldown to prevent the immediately following ranged redirection."
historical_r16_m20,16,20,waste_taunt_on_both_rests,5,5,1,6,5,11,132.0,95.04,59.0,67.04,73.0,28.0,85.0,121.0,1,0,8.0,8.0,0,103.0,206,0.0,0,3,1,0,2,0.45,0.71,53,both_alive_arithmetic_only,"Use warrior when ready during each rest, causing cooldown to prevent the immediately following ranged redirection."
historical_r16_m20,16,20,waste_taunt_on_both_rests,7,6,1,6,5,11,148.0,100.8,77.0,72.8,71.0,28.0,89.0,117.0,1,0,8.0,8.0,0,103.0,206,0.0,0,3,1,0,2,0.52,0.72,53,both_alive_arithmetic_only,"Use warrior when ready during each rest, causing cooldown to prevent the immediately following ranged redirection."
historical_r16_m20,16,20,waste_taunt_on_both_rests,7,7,1,6,5,11,148.0,106.56,77.0,78.56,71.0,28.0,89.0,117.0,1,0,8.0,8.0,0,103.0,206,0.0,0,3,1,0,2,0.52,0.74,53,both_alive_arithmetic_only,"Use warrior when ready during each rest, causing cooldown to prevent the immediately following ranged redirection."
historical_r16_m20,16,20,miss_one_ranged_after_first_rest,5,4,1,6,5,11,132.0,89.28,46.0,75.28,86.0,14.0,79.0,127.0,2,0,8.0,16.0,0,103.0,206,0.0,0,3,1,1,1,0.35,0.84,53,both_alive_arithmetic_only,Waste taunt on the first face rest only; one ranged hit reaches the mage. Reserve taunt correctly on face two.
historical_r16_m20,16,20,miss_one_ranged_after_first_rest,5,5,1,6,5,11,132.0,95.04,46.0,81.04,86.0,14.0,79.0,127.0,2,0,8.0,16.0,0,103.0,206,0.0,0,3,1,1,1,0.35,0.85,53,both_alive_arithmetic_only,Waste taunt on the first face rest only; one ranged hit reaches the mage. Reserve taunt correctly on face two.
historical_r16_m20,16,20,miss_one_ranged_after_first_rest,7,6,1,6,5,11,148.0,100.8,64.0,86.8,84.0,14.0,83.0,123.0,2,0,8.0,16.0,0,103.0,206,0.0,0,3,1,1,1,0.43,0.86,53,both_alive_arithmetic_only,Waste taunt on the first face rest only; one ranged hit reaches the mage. Reserve taunt correctly on face two.
historical_r16_m20,16,20,miss_one_ranged_after_first_rest,7,7,1,6,5,11,148.0,106.56,64.0,92.56,84.0,14.0,83.0,123.0,2,0,8.0,16.0,0,103.0,206,0.0,0,3,1,1,1,0.43,0.87,53,both_alive_arithmetic_only,Waste taunt on the first face rest only; one ranged hit reaches the mage. Reserve taunt correctly on face two.
historical_r16_m20,16,20,no_taunt_clear_first,5,4,0,5,5,10,132.0,89.28,75.0,61.28,57.0,28.0,76.0,130.0,0,0,8.0,0.0,0,103.0,206,0.0,0,0,0,0,0,0.57,0.69,49,both_alive_arithmetic_only,Unlearned/unsused proof branch. No skill-only opening; accepts legal ranged hits on the mage.
historical_r16_m20,16,20,no_taunt_clear_first,5,5,0,5,5,10,132.0,95.04,75.0,67.04,57.0,28.0,74.0,132.0,0,0,8.0,0.0,0,103.0,206,0.0,0,0,0,0,0,0.57,0.71,49,both_alive_arithmetic_only,Unlearned/unsused proof branch. No skill-only opening; accepts legal ranged hits on the mage.
historical_r16_m20,16,20,no_taunt_clear_first,7,6,0,5,5,10,148.0,100.8,93.0,72.8,55.0,28.0,74.0,132.0,0,0,8.0,0.0,0,103.0,206,0.0,0,0,0,0,0,0.63,0.72,49,both_alive_arithmetic_only,Unlearned/unsused proof branch. No skill-only opening; accepts legal ranged hits on the mage.
historical_r16_m20,16,20,no_taunt_clear_first,7,7,0,5,5,10,148.0,106.56,93.0,78.56,55.0,28.0,70.0,136.0,0,0,8.0,0.0,0,103.0,206,0.0,0,0,0,0,0,0.63,0.74,49,both_alive_arithmetic_only,Unlearned/unsused proof branch. No skill-only opening; accepts legal ranged hits on the mage.
candidate_r26_m12,26,12,no_taunt_clear_first,4,5,0,5,5,10,124.0,95.04,89.0,49.04,35.0,46.0,73.0,133.0,0,0,13.0,0.0,0,103.0,206,0.0,0,0,0,0,0,0.72,0.52,49,both_alive_arithmetic_only,Unlearned/unsused proof branch. No skill-only opening; accepts legal ranged hits on the mage.
candidate_r26_m12,26,12,full_health_retained_then_two_heals,5,3,1,8,5,13,132.0,83.52,6.0,83.52,126.0,0.0,78.0,140.0,3,0,13.0,39.0,0,103.0,206,12.0,2,3,2,1,0,0.05,1.0,61,both_alive_arithmetic_only,"Underlevelled M3 boundary branch: full-health attempt on action 2 preserves charges, so B can restore 6 HP on both actions 4 and 6 before being killed."
candidate_r26_m12,26,12,kill_shell_before_winding,5,4,1,7,5,12,132.0,89.28,22.0,89.28,110.0,0.0,78.0,134.0,3,0,13.0,39.0,0,103.0,206,6.0,1,3,2,1,0,0.17,1.0,57,both_alive_arithmetic_only,Kill shell on action 6 while B still has one winding charge. The scheduled winding idles without spending or changing to an attack; B is killed next.
