stage,recommended_level,id,kind,hp,max_hp,pdef,mdef,e,winding_left,link
1,1,A,E01,15,15,0,0,10,0,
1,1,B,E01,15,15,0,0,10,0,
2,1,A,E01,15,15,0,0,10,0,
2,1,B,E01,15,15,0,0,10,0,
3,1,A,E02,20,20,20,0,10,0,
3,1,B,E01,15,15,0,0,10,0,
4,1,A,E01,15,15,0,0,10,0,
4,1,B,E02,20,20,20,0,10,0,
4,1,C,E01,15,15,0,0,10,0,
5,2,A,E01,15,15,0,0,12,0,
5,2,B,E01,15,15,0,0,12,0,
5,2,C,E02,21,21,20,0,12,0,
6,2,A,E01,15,15,0,0,12,0,
6,2,B,E03,18,18,100,5,12,0,
6,2,C,E01,15,15,0,0,12,0,
7,2,A,E01,15,15,0,0,12,0,
7,2,B,E03,19,19,200,5,12,0,
7,2,C,E01,15,15,0,0,12,0,
8,3,A,E01,16,16,0,0,14,0,
8,3,B,E03,20,20,300,5,14,0,
8,3,C,E01,16,16,0,0,14,0,
9,3,A,E01,16,16,0,0,14,0,
9,3,B,E03,20,20,300,5,14,0,
9,3,C,E01,16,16,0,0,14,0,
10,3,A,E01,16,16,0,0,14,0,
10,3,B,E05,15,15,0,0,14,0,
10,3,C,E01,16,16,0,0,14,0,
11,4,A,E01,17,17,0,0,16,0,
11,4,B,E03,20,20,300,5,16,0,
11,4,C,E05,16,16,0,0,16,0,
12,4,A,E01,17,17,0,0,16,0,
12,4,B,H,16,16,0,0,16,2,C
12,4,C,E02,32,32,20,0,16,0,
13,4,A,E03,20,20,300,5,16,0,
13,4,B,H,16,16,0,0,16,2,A
13,4,C,E01,17,17,0,0,16,0,
14,5,A,E02,24,24,20,0,18,0,
14,5,B,H,17,17,0,0,18,2,A
14,5,C,E01,18,18,0,0,18,0,
15,5,A,E01,18,18,0,0,18,0,
15,5,B,E03,20,20,300,5,18,0,
15,5,C,E05,17,17,0,0,18,0,
