packageId	version	packageSha256	entryPath	bytes	sha256
System.Reflection.Metadata	1.6.0	2497e068f6afed47c4878c9101074684b645d5baebd2d5163e5eaa99f356abf1	_rels/.rels	520	3a1230d0d9fed2123f7cc3a69cdf2ab555ea70402398175e8f06827504a275bd
System.Reflection.Metadata	1.6.0	2497e068f6afed47c4878c9101074684b645d5baebd2d5163e5eaa99f356abf1	System.Reflection.Metadata.nuspec	2540	8a9c25db3c6838e545f71ea593d20f6c5e8baf77b04a89d1aaee951179c039e3
System.Reflection.Metadata	1.6.0	2497e068f6afed47c4878c9101074684b645d5baebd2d5163e5eaa99f356abf1	LICENSE.TXT	1139	d7a68596ab69b06f51ca278a6545148e4269a9381c26d597c13df5d88e08cf5b
System.Reflection.Metadata	1.6.0	2497e068f6afed47c4878c9101074684b645d5baebd2d5163e5eaa99f356abf1	THIRD-PARTY-NOTICES.TXT	15835	7864a01e2fdef7e8fdf81b906efb1466f083206affea7ba7e6dadea429754765
System.Reflection.Metadata	1.6.0	2497e068f6afed47c4878c9101074684b645d5baebd2d5163e5eaa99f356abf1	version.txt	42	c3267fe0adb0b855d1fa96901b0b1c297b9c5215fdd914151d31dbbd1d75ea05
System.Reflection.Metadata	1.6.0	2497e068f6afed47c4878c9101074684b645d5baebd2d5163e5eaa99f356abf1	useSharedDesignerContext.txt	0	e3b0c44298fc1c149afbf4c8996fb92427ae41e4649b934ca495991b7852b855
System.Reflection.Metadata	1.6.0	2497e068f6afed47c4878c9101074684b645d5baebd2d5163e5eaa99f356abf1	lib/netstandard1.1/System.Reflection.Metadata.dll	584848	ced3abd81d7d2027235f95bcea93459c457c8147cf62025e4203ae00e5e8d6eb
System.Reflection.Metadata	1.6.0	2497e068f6afed47c4878c9101074684b645d5baebd2d5163e5eaa99f356abf1	lib/netstandard1.1/System.Reflection.Metadata.xml	450794	7c50b619b23544a3030af10805442dab28c05cef6ad94ae4f3bf5c348d693754
System.Reflection.Metadata	1.6.0	2497e068f6afed47c4878c9101074684b645d5baebd2d5163e5eaa99f356abf1	lib/netstandard2.0/System.Reflection.Metadata.xml	450794	7c50b619b23544a3030af10805442dab28c05cef6ad94ae4f3bf5c348d693754
System.Reflection.Metadata	1.6.0	2497e068f6afed47c4878c9101074684b645d5baebd2d5163e5eaa99f356abf1	lib/netstandard2.0/System.Reflection.Metadata.dll	576144	2e180767f1415cb5bbed14450e1d4003cf56a9da6aeaf91ce969a4b9d2a54314
System.Reflection.Metadata	1.6.0	2497e068f6afed47c4878c9101074684b645d5baebd2d5163e5eaa99f356abf1	lib/portable-net45%2Bwin8/System.Reflection.Metadata.dll	584848	ced3abd81d7d2027235f95bcea93459c457c8147cf62025e4203ae00e5e8d6eb
System.Reflection.Metadata	1.6.0	2497e068f6afed47c4878c9101074684b645d5baebd2d5163e5eaa99f356abf1	lib/portable-net45%2Bwin8/System.Reflection.Metadata.xml	450794	7c50b619b23544a3030af10805442dab28c05cef6ad94ae4f3bf5c348d693754
System.Reflection.Metadata	1.6.0	2497e068f6afed47c4878c9101074684b645d5baebd2d5163e5eaa99f356abf1	[Content_Types].xml	591	51eaebc7df89cf9f217a320392d01acd75eb9da19ce14e268bec655e4eadb6ca
System.Reflection.Metadata	1.6.0	2497e068f6afed47c4878c9101074684b645d5baebd2d5163e5eaa99f356abf1	package/services/metadata/core-properties/2ab2e0572dd247cda3f0e5acfb248a99.psmdcp	1269	f05d0898d0f3a72afd598444833e4faf5eb804f5427deace071a9692939139e6
System.Reflection.Metadata	1.6.0	2497e068f6afed47c4878c9101074684b645d5baebd2d5163e5eaa99f356abf1	.signature.p7s	22354	48b089f802897bf823e41916e8d44b8bfbfabc89b2f3ce7c8775ff2c27667435
System.Collections.Immutable	1.5.0	0658aa6252fd9ed6cc5e8e5decd52b297c1837e3ea772a83212e5ba78a95afb4	_rels/.rels	522	78c6c58b49baa29684797eea6087d8764bbc54b038c83e0b15aaa624b4d9ceee
System.Collections.Immutable	1.5.0	0658aa6252fd9ed6cc5e8e5decd52b297c1837e3ea772a83212e5ba78a95afb4	System.Collections.Immutable.nuspec	2919	f16ce3d32e279d0be8d3a9afd530b2e19792be2b424f6b1c26c643a6f0d6968e
System.Collections.Immutable	1.5.0	0658aa6252fd9ed6cc5e8e5decd52b297c1837e3ea772a83212e5ba78a95afb4	LICENSE.TXT	1139	d7a68596ab69b06f51ca278a6545148e4269a9381c26d597c13df5d88e08cf5b
System.Collections.Immutable	1.5.0	0658aa6252fd9ed6cc5e8e5decd52b297c1837e3ea772a83212e5ba78a95afb4	THIRD-PARTY-NOTICES.TXT	15835	7864a01e2fdef7e8fdf81b906efb1466f083206affea7ba7e6dadea429754765
System.Collections.Immutable	1.5.0	0658aa6252fd9ed6cc5e8e5decd52b297c1837e3ea772a83212e5ba78a95afb4	version.txt	42	c3267fe0adb0b855d1fa96901b0b1c297b9c5215fdd914151d31dbbd1d75ea05
System.Collections.Immutable	1.5.0	0658aa6252fd9ed6cc5e8e5decd52b297c1837e3ea772a83212e5ba78a95afb4	useSharedDesignerContext.txt	0	e3b0c44298fc1c149afbf4c8996fb92427ae41e4649b934ca495991b7852b855
System.Collections.Immutable	1.5.0	0658aa6252fd9ed6cc5e8e5decd52b297c1837e3ea772a83212e5ba78a95afb4	lib/netstandard1.0/System.Collections.Immutable.dll	359560	85a0b2d005e91a4cbccd7882369c30465b05520645619b072c2980dd728caa8f
System.Collections.Immutable	1.5.0	0658aa6252fd9ed6cc5e8e5decd52b297c1837e3ea772a83212e5ba78a95afb4	lib/netstandard1.0/System.Collections.Immutable.xml	426749	42523b9cf3574ce12d0412d85e4931444cfbdab6cb0c44863e6a8f96651aed29
System.Collections.Immutable	1.5.0	0658aa6252fd9ed6cc5e8e5decd52b297c1837e3ea772a83212e5ba78a95afb4	lib/netstandard1.3/System.Collections.Immutable.xml	426749	42523b9cf3574ce12d0412d85e4931444cfbdab6cb0c44863e6a8f96651aed29
System.Collections.Immutable	1.5.0	0658aa6252fd9ed6cc5e8e5decd52b297c1837e3ea772a83212e5ba78a95afb4	lib/netstandard1.3/System.Collections.Immutable.dll	358536	eaf7deaa83774d21df863b73cb9bca25b6e869a45d90af6a6912c8767ada4fb1
System.Collections.Immutable	1.5.0	0658aa6252fd9ed6cc5e8e5decd52b297c1837e3ea772a83212e5ba78a95afb4	lib/netstandard2.0/System.Collections.Immutable.xml	426749	42523b9cf3574ce12d0412d85e4931444cfbdab6cb0c44863e6a8f96651aed29
System.Collections.Immutable	1.5.0	0658aa6252fd9ed6cc5e8e5decd52b297c1837e3ea772a83212e5ba78a95afb4	lib/netstandard2.0/System.Collections.Immutable.dll	302216	2f05a2c489c2d30a6cca346d4ce184323d70eb4f5afa6bed34d5800274444e57
System.Collections.Immutable	1.5.0	0658aa6252fd9ed6cc5e8e5decd52b297c1837e3ea772a83212e5ba78a95afb4	lib/portable-net45%2Bwin8%2Bwp8%2Bwpa81/System.Collections.Immutable.dll	359560	85a0b2d005e91a4cbccd7882369c30465b05520645619b072c2980dd728caa8f
System.Collections.Immutable	1.5.0	0658aa6252fd9ed6cc5e8e5decd52b297c1837e3ea772a83212e5ba78a95afb4	lib/portable-net45%2Bwin8%2Bwp8%2Bwpa81/System.Collections.Immutable.xml	426749	42523b9cf3574ce12d0412d85e4931444cfbdab6cb0c44863e6a8f96651aed29
System.Collections.Immutable	1.5.0	0658aa6252fd9ed6cc5e8e5decd52b297c1837e3ea772a83212e5ba78a95afb4	[Content_Types].xml	591	51eaebc7df89cf9f217a320392d01acd75eb9da19ce14e268bec655e4eadb6ca
System.Collections.Immutable	1.5.0	0658aa6252fd9ed6cc5e8e5decd52b297c1837e3ea772a83212e5ba78a95afb4	package/services/metadata/core-properties/f23b0d045930428f8310f4d402f7f4a5.psmdcp	2077	80ab8d0e6eaddb6797ec04af9574f6f30af5f6edf80ab735169e1f19bc227a0c
System.Collections.Immutable	1.5.0	0658aa6252fd9ed6cc5e8e5decd52b297c1837e3ea772a83212e5ba78a95afb4	.signature.p7s	22354	310496ac19ab76b103bc5756648df226406b988c49d103ca4d7ccc706c2bd188
xunit.abstractions	2.0.3	d03d72fc2df8880448f7a81bddb00e1bcb5c18f323c7e7cc69b4cfa727469403	xunit.abstractions.nuspec	1385	e59191df9e3047dd953b695c886597786ac2771f66897baa40877f643da9f7b1
xunit.abstractions	2.0.3	d03d72fc2df8880448f7a81bddb00e1bcb5c18f323c7e7cc69b4cfa727469403	[Content_Types].xml	528	e91a6212b3c05ee57e2c7d9369177a47f68a0b057904d1ec02df8f90bb432e46
xunit.abstractions	2.0.3	d03d72fc2df8880448f7a81bddb00e1bcb5c18f323c7e7cc69b4cfa727469403	_rels/.rels	512	91811260f83032f50545381776a1eb08934c21ab19dd6417bb944f593ffabb47
xunit.abstractions	2.0.3	d03d72fc2df8880448f7a81bddb00e1bcb5c18f323c7e7cc69b4cfa727469403	lib/net35/xunit.abstractions.dll	21928	7c07e3bce3e1794cffc033302fcf13a003fd320b16e1c09e9d9a221f495566a4
xunit.abstractions	2.0.3	d03d72fc2df8880448f7a81bddb00e1bcb5c18f323c7e7cc69b4cfa727469403	lib/net35/xunit.abstractions.xml	53197	598bdddda9211e583d41754c4e08462de6f22f0c4a099ba8146b9e25ec30901a
xunit.abstractions	2.0.3	d03d72fc2df8880448f7a81bddb00e1bcb5c18f323c7e7cc69b4cfa727469403	lib/netstandard1.0/xunit.abstractions.dll	21928	bdd3cf6bf2e20f8159aa61734fd4aec9856eecd83186a69cad9f5fcabb0f1b94
xunit.abstractions	2.0.3	d03d72fc2df8880448f7a81bddb00e1bcb5c18f323c7e7cc69b4cfa727469403	lib/netstandard1.0/xunit.abstractions.xml	53197	598bdddda9211e583d41754c4e08462de6f22f0c4a099ba8146b9e25ec30901a
xunit.abstractions	2.0.3	d03d72fc2df8880448f7a81bddb00e1bcb5c18f323c7e7cc69b4cfa727469403	lib/netstandard2.0/xunit.abstractions.dll	21928	3166dc70323fb30ccf1cedb0fe86f2ad122c46d254542342d90386efc4c9285c
xunit.abstractions	2.0.3	d03d72fc2df8880448f7a81bddb00e1bcb5c18f323c7e7cc69b4cfa727469403	lib/netstandard2.0/xunit.abstractions.xml	53197	598bdddda9211e583d41754c4e08462de6f22f0c4a099ba8146b9e25ec30901a
xunit.abstractions	2.0.3	d03d72fc2df8880448f7a81bddb00e1bcb5c18f323c7e7cc69b4cfa727469403	package/services/metadata/core-properties/8e3431e2cece4d7493a68d80c3360145.psmdcp	777	c542fe7306e6faeed98199f49fdfebe77c04e2277a6bc47164d8aaeefb4c430a
xunit.abstractions	2.0.3	d03d72fc2df8880448f7a81bddb00e1bcb5c18f323c7e7cc69b4cfa727469403	.signature.p7s	18486	6690990d24e2b4e1edad729d1779d37d22f148add95b90858fa8b71263a056a5
