path	source	bytes	sha256
source-receipt.json	TestArtifacts/FightMatch/LOC-IMPL-B-PREF/source-activation-001/source-receipt.json	23985	f24cc4da2581c90d31dd897f8d1f70cdaa4b4813ce2ae983bbfbe2fb8386ab4c
validation-tools/runner.py	TestArtifacts/FightMatch/LOC-IMPL-B-PREF/source-activation-001/validation-tools/runner.py	18029	0db27922e532287b3b0aaec3fe430b218390992c2bd01fc975844d2aba51cb7f
evidence/accepted-ugui.json	TestArtifacts/FightMatch/LOC-IMPL-B-PREF/source-activation-001/accepted-ugui.json	910	e4982b5dc22038022b91d052d386afd07c99e77d7b397dda1e8c75fac207753a
evidence/binding.json	TestArtifacts/FightMatch/LOC-IMPL-B-PREF/source-activation-001/binding.json	5484	6e4efc799eef97126359ed45ecd0c5446eb6a6703fb828a7eec224625eb3ffb6
evidence/current-source-inputs.tsv	TestArtifacts/FightMatch/LOC-IMPL-B-PREF/source-activation-001/current-source-inputs.tsv	1218	7fcf6c8bd0fceb2474824b8dd0f969089d04bf47bf2423ab1add8a82eea42ce4
evidence/new-path-absence.tsv	TestArtifacts/FightMatch/LOC-IMPL-B-PREF/source-activation-001/new-path-absence.tsv	474	b99e8ba19a285777c10b3b9934d8ff3fe02cd68a9795b5468832f8385a837942
evidence/preference-diagnostics.json	TestArtifacts/FightMatch/LOC-IMPL-B-PREF/source-activation-001/preference-diagnostics.json	2918	f4f28b977e89b69e2da28305256abca40b81ba3eb5c29a4cdde31398dbb9d60b
evidence/static-before/scope-verdict.json	TestArtifacts/FightMatch/LOC-IMPL-B-PREF/source-activation-001/static-before/scope-verdict.json	234	a5a3f683f9f62acc7a0a1b8d6b6cde461f704c70ca2a8e093268e2b184aed472
evidence/static-after/diff-check.txt	TestArtifacts/FightMatch/LOC-IMPL-B-PREF/source-activation-001/static-after/diff-check.txt	216	d2f4d2c86a01757106ca273d278a013b079a3600ba4ba9435e89ad30d546094e
evidence/static-after/new-file-hashes.tsv	TestArtifacts/FightMatch/LOC-IMPL-B-PREF/source-activation-001/static-after/new-file-hashes.tsv	575	b509c1954cbd1f7411ee2c4271935af6bdfc40ad4073563ef49f0ae0e332d59a
